frame,H_star,J_k,E_k,grad_residual_k,J_cumavg,E_cumavg,grad_residual_cumavg
0,0.9554571918060512,0.1003007808926984,0.00012627998320474473,0.11632872743486444,0.1003007808926984,0.00012627998320474473,0.11632872743486444
1,0.9410447911181418,0.10399640381636793,0.0001265580768156814,0.12008040512367857,0.10214859235453316,0.00012641903001021308,0.1182045662792715
2,0.9262797193803762,0.10646703032014077,0.00011093487424099681,0.12347152004809164,0.10358807167640237,0.00012125764475380764,0.11996021753554488
3,0.9112423142999944,0.10866553925198436,0.00011738646132142354,0.12660216904280386,0.10485743857029786,0.00012028984889571162,0.12162070541235963
4,0.8959639158767593,0.11132168716068425,8.300980083969843e-05,0.12941710774952278,0.10615028828837514,0.00011283383928450898,0.12317998587979226
5,0.8804364819485717,0.11366525983699036,8.563451518807185e-05,0.13189508373223524,0.10740278354647768,0.00010830061860176946,0.12463250218853276
6,0.8646978516618163,0.1164314601862175,0.0001255563924149773,0.13402201110932113,0.10869259449501194,0.00011076572914651345,0.12597386060578825
7,0.8487456463290723,0.11925795133224114,0.00013941188955605082,0.13589059570549547,0.1100132640996656,0.00011434649919770561,0.12721345249325164
8,0.8325872355893321,0.12214647484727682,0.0001064359377559801,0.13737695287263924,0.11136139862717795,0.00011346754792640278,0.12834273031318358
9,0.8162434066488753,0.12490437386732053,8.78109122595476e-05,0.13841469907753257,0.11271569615119222,0.00011090188435971727,0.1293499271896185
10,0.7997440677767718,0.12589342564483846,8.403264750010285e-05,0.13916003059785126,0.11391367155970551,0.00010845922646338866,0.1302417547721851
11,0.783208139536225,0.12601607685098937,0.00012903019102423859,0.1396654502310286,0.11492220533397916,0.00011017347351012616,0.13102706272708872
12,0.7667025404046937,0.12688816768798689,0.00011449184888462642,0.13994984534573818,0.11584266397659514,0.00011050565623124156,0.131713430620831
13,0.750196635752358,0.1281809621366804,9.322248987612803e-05,0.13984998459961426,0.1167239709880298,0.00010927114434873345,0.13229461304788695
14,0.7336800773618445,0.12926598619097487,9.560605364954106e-05,0.1392682033969463,0.11756010533489279,0.00010836013830212062,0.13275951907115757
15,0.7171937077858769,0.12949174451198694,9.18003771220794e-05,0.13845233555551062,0.11830583278346118,0.00010732515322836804,0.13311532010142962
16,0.7008008570288708,0.12944650893099555,0.00011338722256764296,0.13745903333001205,0.11896116667449264,0.00010768174554244304,0.1333708326442874
17,0.6845388314355364,0.1303632158491307,0.00013486595455980698,0.1361881634056842,0.1195946138508614,0.00010919197937674103,0.13352735101992055
18,0.6683696388839953,0.13048241271035416,0.00021773808973337056,0.1344939328260329,0.12016765589609786,0.00011490493255340576,0.13357822374655806
19,0.6523522767321208,0.13007037996229104,0.00013131979234354307,0.13231522200142143,0.12066279209940751,0.00011572567554291263,0.1335150736593012
20,0.6365540085810207,0.12498377623808181,9.7416628384153e-05,0.12926330507406616,0.12086855324886818,0.00011485381615440025,0.13331260848857576
21,0.6213159817071772,0.12023963703053697,0.00012929851413865805,0.12575757774548513,0.12083996614803495,0.00011551039333550289,0.13296919800025345
22,0.6066740990567867,0.11858448091101435,9.022461847347092e-05,0.12178732182988969,0.12074190157251231,0.00011441101181976239,0.13248302947110718
23,0.5924532027447639,0.11530240103178949,0.00011071418493629857,0.11728252864338615,0.12051525571664885,0.00011425697736628472,0.13184967526995214
24,0.5787177248610307,0.1130642354859761,6.99318100564012e-05,0.11259598995723377,0.12021721490742195,0.00011248397067388938,0.13107952785744342
25,0.565425100105815,0.10941321887350658,9.199401354128569e-05,0.10767379783193778,0.1198016765984252,0.00011169589539955849,0.13017930747184706
26,0.5525953411770573,0.10492866246673964,9.388794353630157e-05,0.1026521859560357,0.11925082422317759,0.00011103634162684526,0.12915978445274293
27,0.5403110189712805,0.10188541991042693,9.482700787365147e-05,0.09759910059874592,0.11863063121200793,0.00011045743684994548,0.12803261717224304
28,0.5284448201861084,0.09799281591808087,7.645145054185509e-05,0.09270526171679597,0.11791898240876907,0.00010928481663242513,0.12681443250136556
29,0.5170659075338302,0.09481354570742687,6.293228018469797e-05,0.08802718625389078,0.11714880118539099,0.00010773973208416755,0.1255215242931164
30,0.5060953146239162,0.09152211348246889,5.4356186985167156e-05,0.08361788317463155,0.11632213384013544,0.00010601768224226431,0.1241697939344556
31,0.4955201036541078,0.08848359673442227,5.031439841230858e-05,0.07958134962326072,0.11545217955558192,0.00010427695462257819,0.12277640504973075
32,0.48531848474149375,0.0865905094129624,4.800568244348664e-05,0.07592051085507176,0.11457758349065404,0.00010257176455654511,0.12135652946807443
33,0.47541081956040365,0.0829879061546317,4.6620760471666675e-05,0.0723950620126707,0.11364847533371221,0.00010092614678934281,0.11991648630762138
34,0.46587473349549136,0.08008376177065704,5.872496463630121e-05,0.06938677002366003,0.11268948351762491,9.972039872782734e-05,0.11847278012807962
35,0.4567362551118861,0.07408042993427835,0.00011803912914278133,0.06661975631023703,0.11161700980697639,0.00010022925235046495,0.11703241835536177
36,0.44809724367561643,0.07031993864943345,0.00011929709533465992,0.06433808781649664,0.11050087274866442,0.00010074459945814589,0.11560824725971676
37,0.4398544460719659,0.06758049186301376,0.00010850129177131881,0.06249577385322197,0.1093713890411473,0.00010094872294007149,0.11421055059112478
38,0.4319352099880218,0.06450186332470931,0.0002383490283967967,0.06106107197277898,0.10822088838175145,0.00010447180769537213,0.11284774344706464
39,0.42433188433938973,0.06332487649605643,0.00020047389905950184,0.05975389060947317,0.10709848808460909,0.00010687185997947538,0.11152039712612485
40,0.41692915970526334,0.062000463647930604,0.00018059264515531048,0.05863213133853958,0.10599853626908036,0.0001086699279105933,0.11023043942398862
41,0.4097413514387782,0.06102363556822744,0.00020403373751346876,0.057693599271072926,0.10492770530001244,0.00011094049480589987,0.10897956227749063
42,0.40270034721086756,0.05973213137046302,0.0002080034545860014,0.056776801304456066,0.10387664544118572,0.00011319777294032085,0.10776554458044331
43,0.3958130780487763,0.058399200501389206,0.0002884993945279368,0.05606040207933528,0.10284306714709944,0.00011718190070367575,0.10659042770541814
44,0.3890723863364385,0.05777046996048407,0.00024557750113842234,0.05549091952200791,0.10184145387628576,0.00012003513626889234,0.10545488307912013
45,0.3824473087707039,0.05630269521722475,0.0001618414828763531,0.054899535976732486,0.10085148086195836,0.00012094396989079365,0.10435585379428561
46,0.37592416499978465,0.05498999977193189,0.0001603063463159241,0.054580912362729814,0.09987570466855353,0.00012178146726154111,0.10329681248723123
47,0.36956195124274305,0.054277226563190166,0.00012804294456839635,0.054383717027649645,0.0989257363746918,0.00012191191470543393,0.1022777896651566
48,0.36330726177849537,0.05379321670414397,8.628847253503326e-05,0.05418858674627922,0.09800466454468063,0.0001211849056815482,0.10129637736068972
49,0.3570938736637861,0.05355337284734709,0.00010143968954342373,0.05418338420474286,0.09711563871073395,0.00012079000135878571,0.10035411749757078
50,0.3509796365207736,0.05226406353175551,0.00012161713006300793,0.05427270527025351,0.09623619606016576,0.00012080621956867243,0.09945056039507437
51,0.3449633112957111,0.051426373473964324,0.00012496995816378933,0.05433123817736342,0.09537446870273879,0.00012088629146473238,0.09858288112165685
52,0.339066229475277,0.04958971891670415,0.00018036019267934718,0.05455679255641306,0.0945106054992287,0.00012200844054425341,0.0977522002053315
53,0.33331502007171254,0.04911774863221037,0.00014658381094657876,0.054787942079055726,0.09366999703872836,0.00012246353999614834,0.09695656579558565
54,0.3276437539377566,0.04911991461188555,0.00011223370635228495,0.05511515253984524,0.0928599955400585,0.00012227754302080536,0.09619581282729947
55,0.32201468356724217,0.048126085852543174,0.00013293304636608603,0.05512390430957798,0.09206117572421,0.0001224678198662568,0.09546238588948301
56,0.3164854565831896,0.0478416045388031,8.067591512787892e-05,0.054956819959940166,0.09128539377358882,0.00012173462855505718,0.09475176192580682
57,0.3110607499255982,0.047353247203536036,5.546057641847957e-05,0.05449656883059517,0.09052794297065689,0.00012059197248373686,0.09405770687244111
58,0.3057023213408261,0.046360247490733954,5.978016142946638e-05,0.05378500378400848,0.08977933796252259,0.00011956126382180009,0.09337511868450156
59,0.3005135688479943,0.046033273308357325,7.986430653071636e-05,0.052713185497262005,0.08905023688495319,0.00011889964786694869,0.09269741979804756
60,0.2954254299116035,0.04402165141806588,0.00010699687126901772,0.05145231188187872,0.08831206335270912,0.0001187045203817367,0.09202127048794644
61,0.2905418976144103,0.04208834261955739,0.00011921988608907638,0.050095521759060554,0.08756651946991635,0.0001187128327318551,0.09134504873425474
62,0.2858515127428335,0.040457638821396226,7.45073586684158e-05,0.04863512395190948,0.08681875945962239,0.00011801115854037193,0.09066711342024925
63,0.28135671934205975,0.03754973327424836,0.00012058019211615189,0.0470184875970935,0.08604893092547593,0.00011805129968999348,0.08998510364176245
64,0.2771358372965578,0.03571234874941188,9.205314024648727e-05,0.04532248711513017,0.08527452196892109,0.00011765132800624723,0.08929798646442964
65,0.2731093804368806,0.03468430576783777,7.875906974389636e-05,0.043605026729447494,0.08450800354163196,0.00011706205136590858,0.08860566889268749
66,0.2692387558521513,0.03270980731859869,8.212581786235701e-05,0.04189127396572714,0.08373489613531802,0.00011654061504496006,0.08790843911765822
67,0.2655767013972872,0.031909374960803746,8.081452069389245e-05,0.040122148455767115,0.08297275611804575,0.00011601523130450317,0.087205699549101
68,0.26204554527175994,0.030303120819136272,0.0001255435626177521,0.0383560732570304,0.08220942807023546,0.0001161533230626662,0.08649773395066519
69,0.258724215933107,0.028285101713861338,0.00011039223569811666,0.0366503995476693,0.08143908055085869,0.0001160710218146012,0.08578562917347954
70,0.2555813501476949,0.026727962930033242,0.00011241599497150543,0.035020964644388856,0.08066850142943863,0.00011601954256328999,0.08507063389842193
71,0.252610472657684,0.0250661846158893,9.342757972477178e-05,0.03336139136186961,0.07989624702925044,0.0001157057653016439,0.08435244997430313
72,0.24982182741713455,0.022859207457983012,9.626026893895542e-05,0.03169978239116575,0.079114917720055,0.00011543938863914133,0.08363118055535605
73,0.24723518957410462,0.021469838688034,0.00010007610254738306,0.030113283688897007,0.07833593016556822,0.00011523177666492837,0.08290796573283633
74,0.24482127085207517,0.020659692680222733,6.400965305821658e-05,0.028617204263787475,0.07756691366576363,0.00011454881501683889,0.08218408891324902
75,0.242509988732325,0.019954351215709553,7.523916574360938e-05,0.02722344314406952,0.07680885363352606,0.00011403158278955955,0.08146092252154928
76,0.24032688865739127,0.018854729023287213,6.943680684780437e-05,0.025908547158887574,0.07605620266456192,0.00011345242985525105,0.08073946310125497
77,0.23825365255709063,0.017914988329513434,7.570372875294384e-05,0.02469863821586803,0.07531080248077925,0.00011296847214881121,0.08002099098733975
78,0.236291549663443,0.0169618212180405,0.00010174486699963474,0.02357136600801708,0.07457220778125091,0.0001128264011975558,0.07930643877241161
79,0.2344282936979213,0.016013931404547307,0.00012088201301684246,0.02250013505979687,0.07384022932654212,0.00011292709634529688,0.07859635997600393
80,0.23268064109312847,0.01536649911902521,0.00012663290903442025,0.02148245712790217,0.07311833142274561,0.00011309630390936014,0.07789125006429898
81,0.23100760886612115,0.014349504580089146,0.00010995456041707995,0.020517541718845254,0.07240163841246931,0.00011305798996433232,0.07719157069423248
82,0.2294547388751098,0.013158051509911063,0.00013245742537684597,0.0196095482210794,0.0716878602570168,0.00011329171810183248,0.07649781138732702
83,0.22799161203178775,0.012683232903494709,0.0001349600565551881,0.018774101008309788,0.07098542421709392,0.00011354967451199147,0.07581062435900539
84,0.22659349507298543,0.011704622863201269,0.0001417145352087285,0.017987533919751955,0.07028800302469518,0.00011388102581430603,0.07513035270677887
85,0.22528540342860492,0.011261144984067006,0.0001445607024848174,0.017264663633768433,0.06960164421026926,0.00011423776624070733,0.0744574958570927
86,0.2240213692717571,0.011112896828233763,0.00013645992224966906,0.016579302828227463,0.06892935975760218,0.0001144931933212701,0.07379222927055402
87,0.2228022294633485,0.010705310369557826,0.000128023741443512,0.0159246582409749,0.06826772283273806,0.00011464694954993194,0.07313464323612698
88,0.22162661746863765,0.010266079556612061,0.00013980351343863368,0.01530490283503845,0.06761601897570292,0.00011492960757115332,0.0724848708720698
89,0.22050641323749776,0.00970095003733816,0.00016103319102793548,0.01470526217649778,0.0669725182097211,0.00011544186960956202,0.07184287521989678
90,0.21947156802822798,0.009489560596474178,0.00014845978448303887,0.014143227101596368,0.06634083735682827,0.0001158047038389409,0.07120881315266271
91,0.21846045518010615,0.00912907514907805,0.00014300164061550408,0.013603278975976931,0.06571897037630925,0.00011610032271694701,0.07058266604204656
92,0.21749261575772638,0.008641371828314186,0.00016216041149823233,0.013088923911340436,0.06510523275751359,0.00011659559248878879,0.06996445376107122
93,0.21658036924466606,0.007601426433854678,0.00013334844116221696,0.012613752168131499,0.06449349013704914,0.00011677381428318695,0.06935433991433781
94,0.21573622604662457,0.007435202703128363,0.000106359333972009,0.0121855285456983,0.06389287658511313,0.00011666418817464823,0.06875256295256267
95,0.21490508225080207,0.0071514230639975005,0.00010085514656941203,0.011769269521795134,0.0633018197776015,0.00011649951065792702,0.0681589869793255
96,0.2140995388646607,0.006955560329397302,0.00010879574959150721,0.011374181131857276,0.06272093050493961,0.00011642009044074743,0.06757357660976397
97,0.21332702947839977,0.006737702875568632,0.0001490190044029876,0.010993499538232835,0.06214967308015012,0.00011675273241995396,0.06699622888454428
98,0.2126156649450156,0.006377907344685398,0.00010734828239699225,0.01061846559370265,0.06158632191110502,0.00011665773797527759,0.06642675652807112
99,0.21193491045229962,0.006100192409647957,0.00011336258365695544,0.010271472619870655,0.061031460616090445,0.00011662478643209436,0.06586520368898911
100,0.21127660558195793,0.0058789061156053575,0.00014414055157906087,0.009942160237873398,0.06048539572004604,0.00011689721975038116,0.06531151018947312
101,0.21064309997729747,0.005498024529739919,0.00015693598596987684,0.009631958687066462,0.05994630384563128,0.00011728975667410171,0.06476563223356717
102,0.21003888958234607,0.0052924379517934675,0.0001387549924054206,0.009339955592919964,0.05941568378840956,0.00011749815702100772,0.06422751886812399
103,0.20945488422103076,0.005123685270124101,0.0001455056838541691,0.009064972961872223,0.05889364534111836,0.00011776746016363427,0.06369710977287157
104,0.208903201673162,0.004835791961386799,0.00017772262965299424,0.008805328759279453,0.058378808642263774,0.00011833846177781865,0.06317433090607545
105,0.20837235895214745,0.004538862074256701,0.00018514905229791964,0.008568856336110013,0.057870884618037285,0.00011896875036763094,0.06265918491956635
106,0.20786279291115128,0.004458789215793132,0.0001880577457980843,0.008348290017723588,0.057371706156334065,0.00011961444191370994,0.062151606462539775
107,0.20737284699340564,0.004274985634362013,0.00017734933905001342,0.008138624046682079,0.0568800698552047,0.00012014902429460164,0.06165148625498554
108,0.20690672174298086,0.004101225993692623,0.0001883845049188537,0.007939987085029361,0.05639586027849358,0.00012077503787831037,0.061158720207554744
109,0.20646793418296483,0.0038707077156316227,0.0002045866781610866,0.007754675221048033,0.055918358891558474,0.00012153696188088107,0.06067322888949559
110,0.20604600438830378,0.0037819241124330935,0.00020327996600806093,0.007583416010332173,0.05544866128093572,0.00012227338534148629,0.06019494228698061
111,0.20563534188242294,0.003638045280192685,0.00020785580337845714,0.007418330785639264,0.0549860664952148,0.00012303751407395923,0.05972372254143292
112,0.2052362642823844,0.0035364130407396985,0.00019153461775474776,0.007263067804084549,0.05453075982747608,0.00012364368313308127,0.059259468959686465
113,0.2048414085937501,0.003416313850322525,0.0001955583940448166,0.007117271307975648,0.05408238749434315,0.00012427451393055264,0.058802081260987245
114,0.2044688143604415,0.003218615713101467,0.0002029492725658363,0.0069846829245384465,0.05364009382668018,0.0001249586422665116,0.05835149518849639
115,0.2041152930661776,0.0032526879155121476,0.00022349321643499426,0.006862117323515697,0.0532057196377908,0.00012580807825072267,0.05790762124138448
116,0.2037705109193304,0.003048215080512357,0.00021761507653254237,0.006743982099223131,0.05277702301764312,0.00012659275344971258,0.05747032518034037
117,0.20343435829332135,0.0029772438725302244,0.00022340264896510454,0.006630093919194905,0.05235499099098962,0.00012741317629306337,0.057039475762873035
118,0.20310410797715472,0.0029080966288364003,0.0002292241454008895,0.006520284257880189,0.05193947087029926,0.00012826873065531402,0.05661494474182267
119,0.2028040543343247,0.002740352327696003,0.00023597037015675516,0.006416239482248773,0.051529478215777566,0.000129166244317826,0.056196622197992895
120,0.2025126076322069,0.0023656518412328775,0.00021215500201883188,0.006321523657447542,0.05112316560111191,0.0001298521018194872,0.0557844313009636
121,0.2022376479343444,0.0023483782346891257,0.00020449604409435103,0.006241988834113609,0.05072337226204287,0.00013046393741190414,0.05537834570697302
122,0.20195777861810904,0.002126222254193134,0.00019855241173170557,0.006165822137870587,0.05032827348149124,0.00013101750224377243,0.054978243889338044
123,0.20169348869609371,0.0020951994162984097,0.00019826484148894783,0.006091092709766265,0.04993929707773969,0.00013155981949574967,0.05458399267014795
124,0.2014550768398451,0.0020200802901963167,0.00017665254960333326,0.006020373348892364,0.049555943343439345,0.00013192056133661033,0.054195483715577905
125,0.20122664212547248,0.002046243935415905,0.00017571691812632176,0.005954525415158744,0.04917888223702646,0.00013226815146986202,0.05381261896716188
126,0.20099321188455055,0.0020103285325012545,0.00017844993160582028,0.00589121940088091,0.04880747630234516,0.00013263178753392468,0.05343528511230927
127,0.20076372466677628,0.0018911679931670935,0.00017852058571385724,0.005831148593839465,0.04844094264367971,0.0001329902937697054,0.053063377795758725
128,0.20054052754494178,0.0018815864900054728,0.00019111793858757404,0.005774124358583409,0.04808001740217836,0.00013344089566751834,0.052696794435780625
129,0.20034482696748923,0.001769320917792398,0.00019760445269839395,0.005719344248872348,0.04772378127537539,0.00013393446149083277,0.05233542943434286
130,0.2001499639074974,0.0017148839026620909,0.00018167016145539334,0.005666587164905357,0.047372568318331774,0.00013429885614705078,0.051979178729996016
131,0.19995268363201413,0.0016738464045969893,0.00018781420175099865,0.005618134609205199,0.047026365879591366,0.00013470427543192917,0.0516279586987779
132,0.1997593649563012,0.0016379215900788583,0.00018946488297435013,0.005570222647888623,0.046685099381173975,0.00013511600932322558,0.05128165993147798
133,0.19956557195175662,0.0016127602744331329,0.00019462273965236535,0.005524431269234794,0.046348738641571435,0.0001355600894003087,0.050940188075789594
134,0.1993964482558197,0.0015812286130831364,0.00016130793489171154,0.005481482157262834,0.04601712745617522,0.0001357508141817265,0.05060345692083755
135,0.1992271032783809,0.001514371149052673,0.0001597286397125781,0.005441444707283857,0.04568990130685815,0.00013592712172239455,0.05027138330162024
136,0.1990578137053809,0.001497200890281335,0.00016135655196230207,0.005403738886677498,0.04536732685126269,0.00013611273800151797,0.049943882247496574
137,0.19888473562836406,0.0014650788404415244,0.0001628388279358966,0.005367751318396619,0.045049194619300216,0.000136306405319883,0.04962086680598135
138,0.19871512638088307,0.0014336344275026702,0.0001650853816039748,0.005333726624405106,0.04473541361072614,0.0001365134483147326,0.04930225428668944
139,0.19856953976421043,0.0014024529019423862,0.00016470078830985326,0.005301880169262361,0.04442589246280625,0.0001367147864575549,0.04898796590013639
140,0.19843339360142265,0.001391249705575433,0.00016725028253749346,0.005272611483118882,0.044120682230485465,0.00013693135025954028,0.048677927925547614
141,0.19829310662983501,0.0012679638022316706,0.00017195186293299814,0.005244094993906989,0.04381890252324424,0.0001371779735882266,0.048372055862648734
142,0.19815449387656403,0.0012566443698439052,0.00018334449418984155,0.005215808427503004,0.04352126435433935,0.00013750081638963648,0.04807026392254282
143,0.19801243451841088,0.0011554683550183875,0.00017595026607303017,0.0051885256657455015,0.043227057437677394,0.00013776782645688227,0.04777247407353728
144,0.19788023804844856,0.0011249254698317947,0.0001714996378438825,0.005164369072071861,0.04293669790686467,0.0001380004596388616,0.04747862507352718
145,0.19776803558750622,0.0011594531465114323,0.00017934085281067863,0.005143030927000054,0.04265055239480746,0.00013828361301675075,0.04718865525060576
146,0.19765121119176343,0.0010971893590401294,0.00018302720424118329,0.005121188566299569,0.042367876455788635,0.00013858799118834553,0.04690248200785538
147,0.1975333813056792,0.0010605809635103496,0.0001824227344147615,0.005100806596626123,0.04208877310786783,0.00013888417188582134,0.0466200382550768
148,0.1974122407951282,0.0010271722014487147,0.00018742144265359944,0.005082130821100601,0.04181319189373079,0.00013920992538090708,0.04634126035283535
149,0.1972912938428848,0.0009990324879104978,0.00016869296913366854,0.005063866630169455,0.041541097497691984,0.0001394064790059255,0.04606607772801758
150,0.19719133510478049,0.0009834928690899908,0.00017507491763569437,0.005048188111812823,0.04127250408955555,0.00013964269383128817,0.045794436074930125
151,0.1970946168307508,0.0009576174849454788,0.00017261169902396028,0.005033504518226463,0.041007274572419955,0.00013985959518123998,0.04552627205153076
152,0.19699566055206774,0.0009338236616712234,0.00017411932653683235,0.005019671841262965,0.040745356592611144,0.00014008351499402162,0.045261523030548624
153,0.19689483774503636,0.0009109481863024089,0.00017337148532673533,0.005006565356364309,0.040486691602959785,0.00014029967064553274,0.045000127201495474
154,0.19679025732667665,0.000884192121628353,0.00016787342918990066,0.004993663689433202,0.04023119160630603,0.00014047756586194803,0.04474202098528862
155,0.19670691723420397,0.0008436049594529992,0.0001707516239705581,0.004981835477589229,0.03997870707651851,0.00014067163033700322,0.04448714800126491
156,0.1966314797746147,0.0008230523380229631,0.000173378425219234,0.004970233727479985,0.03972930800175103,0.00014087995387128494,0.04423544791034908
157,0.19655163550841115,0.000796079930264364,0.00016742958265018849,0.004959191526361198,0.03948289516585554,0.00014104798949646788,0.043986864009184605
158,0.19646769245375761,0.0007746416542458107,0.0001705908792100898,0.004948862095376523,0.0392394470305624,0.0001412337938342894,0.04374134198456946
159,0.1963798606459719,0.0007534971485010714,0.00017376560056831924,0.0049391041060563145,0.038998909843799515,0.0001414371176263771,0.04349882799782875
160,0.19629764056116006,0.0007476136357578453,0.0001782553809085191,0.004929942720938441,0.03876132415306634,0.00014166580249148355,0.043259269704183465
161,0.19623618517700647,0.0007237450876377418,0.00017514615303614858,0.004921930149670381,0.038526524282292085,0.0001418724713220062,0.043022619460019805
162,0.19616922842765527,0.0006712770771604682,0.00018186751595130718,0.00491391435767605,0.03829428350189251,0.00014211783969396508,0.04278882372319561
163,0.19610006625184395,0.0006252268918546608,0.00017405479808153918,0.004906255281028359,0.03806459413231911,0.00014231257724510882,0.04255783245220679
164,0.19602899421439202,0.000607992132948617,0.0001751163756895533,0.004900046243009884,0.03783758442323202,0.0001425113881447721,0.04232960344487832
165,0.1959534872819897,0.0006125030262727708,0.0001691116601034334,0.004894149557004253,0.03761333694493708,0.00014267163074693271,0.04210408866242125
166,0.19589860808404813,0.0005971584812204376,0.00016992896648168013,0.004889269083007247,0.03739168318168129,0.0001428348483261827,0.04188124543140679
167,0.19584668827940876,0.0005302630527662321,0.0001684131112776561,0.004884710614311909,0.03717226996662822,0.00014298709989137004,0.041661027962257416
168,0.19579241504335076,0.0005019417303424704,0.00014325165788320324,0.004880193869803321,0.036955285775880975,0.00014298866532327437,0.04144338989070444
169,0.1957339981251367,0.00048597754071514834,0.00014157595839660802,0.004876277213788732,0.036740760433321175,0.00014298035528252927,0.04122828922789905
170,0.19567201282006863,0.00047037162497468363,0.00014013792587796764,0.004872600936558397,0.03652865289643026,0.00014296373288835056,0.041015682863622206
171,0.19561459745683818,0.00045550400620047906,0.0001389049105907227,0.004869259197917047,0.03631892528660334,0.0001429401350842946,0.040805529237658796
172,0.1955751116779063,0.000428116791333501,0.00012139216107567596,0.004866355394245425,0.03611146396582143,0.00014281558032123897,0.040597788348390514
173,0.19553670232652243,0.0004358569098424793,0.00013677471714056182,0.004863504422576998,0.03590643174136179,0.00014278086271675232,0.04039241890054101
174,0.19549508395847903,0.0004236358467593399,0.00014105727955446735,0.00486078429504002,0.03570367290767834,0.00014277101367011068,0.040189380988509577
175,0.19544970730690925,0.0004147264710573799,0.00013279069392044634,0.0048582907877503054,0.03550316753019755,0.0001427143073078967,0.03998863615782344
176,0.19539965653745717,0.00037263206954228027,0.00013122601329852588,0.004855824782056844,0.03530468992872492,0.00014264940169202454,0.03979014569807335
177,0.1953545462374402,0.00038176510584087995,0.00012061329148427143,0.004853651393810447,0.03510849372185478,0.00014252560332007089,0.039593873258161764
178,0.19532061716497684,0.0003652944799957753,0.00012014958807819544,0.004851205969874279,0.03491439763670473,0.00014240059764832855,0.039399780144819374
179,0.19528845208465473,0.00036366638819307747,0.0001088351145285499,0.004849007581978094,0.03472244912976855,0.00014221412274210757,0.039207831408359144
180,0.19525026262240797,0.00035038829752123067,0.00010665761290703463,0.004847970355192018,0.0345325482411926,0.00014201767793638892,0.03901799792187755
181,0.1952062672931747,0.0003385459861438864,0.00010500898528577072,0.004847111073110582,0.034344669107923095,0.00014181433347127564,0.03883024579633488
182,0.1951582896606605,0.0003235771491934272,9.708259253033979e-05,0.004846421064561013,0.034158761501591244,0.00014156989772842897,0.03864454183605196
183,0.19512160472114903,0.0003127565998010372,9.492028169571289e-05,0.0048459033304533924,0.033974815822777164,0.00014131636720651205,0.038460853583304144
184,0.19509601543196564,0.00030494353472902593,9.067757840279877e-05,0.00484549331399974,0.033792816513112035,0.0001410426440237893,0.038279148933199794
185,0.19506908517407706,0.0002920799903622872,9.09581401820673e-05,0.0048452809507563135,0.03361270502643059,0.0001407733724977585,0.03809939695479956
186,0.19503698847915674,0.00028231915660498967,8.922652878710704e-05,0.004845162983039618,0.03343446766883793,0.00014049772092711332,0.037921566826608334
187,0.1950037607283046,0.0002763212611083582,8.620750268757262e-05,0.004845128545098958,0.033258094549647885,0.00014020894317052002,0.03774562832511094
188,0.1949688241487717,0.0002695035110655517,9.715715744652388e-05,0.004845169773301212,0.033083551739919934,0.00013998115594446712,0.03757155182483682
189,0.1949471223899546,0.00027705997836494447,8.800950822478859e-05,0.004844852916634389,0.03291088599380649,0.00013970762095646882,0.037399306041109436
190,0.19492969848416508,0.00027154107154503783,9.398469805957298e-05,0.004845773976142809,0.032739999371176845,0.00013946823392559503,0.037228868700455164
191,0.19491032510527062,0.0002516450083772978,7.615819091690625e-05,0.004846344039874108,0.03257078919220393,0.0001391384941182581,0.03706020971784797
192,0.19488505577401494,0.0002505383670045396,0.00010512979856778994,0.004847385725253831,0.032403326752695125,0.00013896228326048366,0.03689330389405215
193,0.194855109532466,0.00024000599203206755,8.772294633925057e-05,0.004847581478410064,0.03223753643949583,0.00013869816296707525,0.03672811975788905
194,0.19481920457161417,0.00023455147142137264,0.00010495563034485312,0.004848296321513331,0.032073418567864685,0.00013852512433824333,0.03656463348385635
195,0.19479972441769267,0.000224116195681674,8.640301925571587e-05,0.0048486523735715315,0.03191092212719028,0.00013825919523067945,0.036402817253701834
196,0.19478025430911305,0.00022744529277887658,9.017292085745812e-05,0.004849523898585494,0.03175009229554352,0.0001380151024673636,0.03624264825189921
197,0.19475962700165805,0.00021856076129714376,9.015975726882637e-05,0.004850903092087825,0.031590842136279655,0.00013777340880474472,0.03608410408442542
198,0.1947346607785072,0.0002130035586617583,8.903217422648785e-05,0.004851760133965271,0.0314331645554876,0.0001375284779777183,0.03592715763241305
199,0.19470426405686903,0.00020812826401358413,8.374851280191814e-05,0.004853194910605646,0.03127703937403023,0.0001372595781518393,0.03577178781880401
200,0.1946681143570852,0.00020058111402691372,0.00010231189213423411,0.004854562706766411,0.031122430128955585,0.0001370857090671746,0.03561797077844562
201,0.1946508719443496,0.00019729217700723117,8.809707629712821e-05,0.004855775988235063,0.030969335386619206,0.00013684319108316447,0.03546568268542478
202,0.19463360122885742,0.0001883111677929181,0.00010255347237913987,0.004857469592097348,0.03081770472544272,0.0001366742762127013,0.0353149033105808
203,0.1946171358419071,0.0001793164751113772,8.69273866786494e-05,0.0048588109505478365,0.03066751654774502,0.0001364304189110638,0.03516560874018848
204,0.19459565601511564,0.00017754103904910594,0.00010432279191183741,0.004860744658625616,0.03051878495989772,0.00013627379634033584,0.03501778013491256
205,0.19457167331372438,0.00017585678855781643,8.894625465655681e-05,0.004862217240132859,0.030371489192075683,0.00013604405099235632,0.034871393907268
206,0.19454136224038243,0.0001660563713834627,9.813742067433975e-05,0.004864058234110123,0.030225569226758328,0.0001358609271743949,0.03472643093300154
207,0.19452306135671793,0.00016943924281803067,8.868393333819128e-05,0.004865932893563298,0.030081068601835535,0.00013563411470402854,0.03458287084627347
208,0.19451786724146758,0.00015577455333036074,9.791408447626848e-05,0.0048680863797932305,0.02993788537672307,0.00013545363609049858,0.034440694844041504
209,0.19450795471004656,0.0001511412196888361,9.905987496791056e-05,0.004869808895653029,0.02979604373788005,0.0001352803324661053,0.03429988110143013
210,0.1944978371090944,0.00015407225461871012,8.811469429130606e-05,0.004871614340766659,0.029655560460708195,0.00013505679863589298,0.03416041064284878
211,0.19448293285917573,0.0001468716606245522,8.668681660410772e-05,0.00487371857709279,0.029516368532405916,0.0001348286383432902,0.03402226586895371
212,0.1944649943387058,0.00010347634292931827,0.000111425973348109,0.004874967169451116,0.029378279836680673,0.00013471876667664617,0.03388542409102177
213,0.19444942171216084,0.00010285279907185019,0.00012231566038689554,0.004875577841090422,0.029241478775757265,0.00013466080823603985,0.03374986406181649
214,0.1944335140423894,9.766389167816815e-05,0.00011304325792561759,0.004876398183922704,0.029105926148389454,0.00013456026149040999,0.03361556887168675
215,0.19441680751532875,9.47675624580137e-05,0.00011387492174493912,0.004877099603475234,0.028971615229010143,0.00013446449602862542,0.033482520402852434
216,0.19440022238314114,9.519543400028725e-05,0.00012552582097392787,0.00487784554969249,0.028838544170046963,0.0001344233039776821,0.03335070162472727
217,0.19439259549714683,8.961478109973334e-05,0.00011579011201602471,0.004878739674769588,0.028706668347161884,0.00013433783062005982,0.033220096294681596
218,0.19438420658664324,8.731355181360021e-05,0.00011706318336002447,0.004879548360110205,0.028575986361794998,0.0001342589509522058,0.033090687400003184
219,0.1943751551381463,8.833138167833079e-05,0.00012910653350979174,0.0048804227830191145,0.028446497020976288,0.00013423553087292208,0.03296245892447144
220,0.19436577823789314,8.270009214700857e-05,0.00011925334160990034,0.0048814984874860036,0.028318154048447647,0.0001341677381613247,0.03283539575507331
221,0.19435566224939538,8.037586099700328e-05,0.00012037423935125677,0.0048824888351224555,0.028190956849405077,0.00013410560528380187,0.0327094817599384
222,0.19434606924212994,8.23325266619267e-05,0.00013323688097747032,0.004883562859186583,0.028064909206702193,0.00013410170965910982,0.032584701854553866
223,0.19433747980691063,8.563342503801531e-05,0.00011966872069122354,0.004884897292637104,0.02794000172553405,0.00013403727667264602,0.032461042012759594
224,0.19432658553680682,7.873557589086985e-05,0.00013562021224615517,0.004886574449609392,0.02781617387598008,0.0001340443119418616,0.03233848882359004
225,0.1943163620410453,7.218118692909336e-05,0.00012404843381144077,0.004887974539169809,0.02769341284638251,0.00013400008239261197,0.032217026371004105
226,0.19430500604997203,7.02541643909684e-05,0.00012527648674334727,0.004889256565962003,0.027571724922673294,0.00013396165245583105,0.032096639719880575
227,0.1942930220596426,7.347466297610616e-05,0.00013906049375289424,0.0048905743085652445,0.02745111856188515,0.00013398401579485327,0.03197731487158533
228,0.19428106535698486,6.686441599091362e-05,0.0001277360392169046,0.004892071645568203,0.027331536666051547,0.0001339567320543382,0.031859038700292684
229,0.19426832212750655,6.51360700002562e-05,0.00012905199145187747,0.004893424640875679,0.02721298709824263,0.00013393540709519705,0.03174179690003435
230,0.19425503198300187,8.640768425346778e-05,0.00012307377770180085,0.004894807943977465,0.027095556018528387,0.000133888387054533,0.03162557616862285
231,0.19423852974496914,0.00013734627660866696,0.00012669042218004913,0.00489706153383618,0.02697935683860632,0.00013385736134386713,0.03151036705381773
232,0.19423081405434317,0.00021474897124363783,9.278086957677267e-05,0.004900087481459241,0.02686448727694382,0.00013368106738778518,0.03139615984535268
233,0.19422816240125362,0.00020377883340067649,7.760637171470153e-05,0.004902698040384704,0.026750552625475685,0.0001334414319361908,0.031282939923109224
234,0.19421871882534525,0.0001948884908917928,6.131966022857526e-05,0.004905198291809006,0.026637549799371076,0.0001331345307799882,0.031170694214039858
235,0.1942008891981044,0.00019016643493639364,5.9198075957318334e-05,0.004907546700841582,0.026525484615623467,0.00013282124071718027,0.031059409690678847
236,0.19417561628712887,0.00019222197501325242,6.934356970760449e-05,0.004909673336763369,0.026414373802793892,0.00013255340244287827,0.03094907325036697
237,0.1941498618350057,0.00018320585850887028,5.9635275453285866e-05,0.004911687100783067,0.02630415881143135,0.00013224702375804807,0.030839672468225863
238,0.19413798096149715,0.0001783926328443385,5.7844587110869385e-05,0.004913432414992973,0.02619484598223224,0.00013193571649174188,0.03073119447637133
239,0.19412351935022576,0.00017299241532322754,4.9802320268238086e-05,0.004915450804489602,0.02608642159237012,0.00013159349400747728,0.03062362887773849
240,0.1941014379278685,0.00016845741122245472,4.805609082812142e-05,0.004917638456499692,0.025978878172531333,0.00013124686577851728,0.03051696501706945
241,0.19407603712961508,0.0001627530992194172,6.43378055386497e-05,0.004919772856286584,0.02587219996974905,0.00013097038205851783,0.0304111914957439
242,0.19405915317411626,0.0001615266338250539,6.870730198976337e-05,0.004921519542776442,0.025766394729683516,0.00013071415539156822,0.030306295726390126
243,0.19405687128978122,0.00015447799259925315,6.17359580639699e-05,0.004922984545966561,0.025661427857810223,0.00013043145786153707,0.030202265762535926
244,0.19405221545169504,0.00012549187437360922,7.863421914797392e-05,0.004924330801920262,0.025557199547673746,0.00013022004056066538,0.03009909051779872
245,0.1940434632792838,0.00012579185511462528,8.328664486847707e-05,0.004925493638142279,0.025453819841606433,0.00013002925439931502,0.029996758823165968
246,0.19403057022928172,0.00011628490272433394,7.883159504821325e-05,0.004926741822286947,0.025351238728493552,0.00012982197642623364,0.029895260778628
247,0.19401387255061042,0.0001132938215151102,7.85424422330895e-05,0.004927637246896078,0.025249472821610577,0.0001296152041109387,0.02979458487729037
248,0.1939935322947366,0.00011994842126949662,9.886890052749418e-05,0.004928555862331721,0.025148551036870248,0.0001294917249800815,0.02969472130694917
249,0.1939777792719557,0.00012061480881158351,0.00010202950931997615,0.004929440955723292,0.025048439291958016,0.0001293818761174411,0.029595660185544267
250,0.19397005907165732,0.00012299050259553278,0.00010042872172994974,0.00493004566768788,0.024949134715107967,0.0001292665249047419,0.02949739080499504
251,0.19395944276782506,0.00013354800889124933,0.00013074610899054066,0.004930848596908117,0.024850660164686473,0.00012927239627016175,0.02939990452639152
252,0.19394698868967075,0.003953847270576824,0.00012474191043775545,0.0049313809744942665,0.02476806406629078,0.00012925448921153563,0.029303190994565843
253,0.1935446612485905,0.003668576122216161,9.545947178003715e-05,0.004824802090269267,0.024684995216117257,0.00012912143796180533,0.029206819384706408
254,0.19316961230755192,0.003108416176855616,4.375849466811331e-05,0.00472588374472092,0.02460038118066917,0.0001287866813214379,0.02911081571552999
255,0.19284618928740693,0.0028136520242859186,4.229400130002374e-05,0.0046380499730775075,0.02451527676990205,0.00012844881929010424,0.029015218974348535
256,0.19253853692175182,0.002781285715138217,3.956462701788701e-05,0.004555586068826514,0.024430708711323204,0.0001281029664018855,0.02892004530545545
257,0.19223701040209362,0.0025312119960365295,5.108268638384375e-05,0.004475370271202882,0.024345826941108914,0.00012780443818476131,0.02882529850299711
258,0.19195393764564184,0.0023132034273183324,6.15435912960529e-05,0.004400746693142088,0.024260758896654123,0.00012754860479909062,0.028730995214155973
259,0.1916868674467871,0.002256277357351732,5.8287780646666524e-05,0.004331654614779914,0.024176126275349114,0.000127282217013889,0.028637151596466064
260,0.1914237713944884,0.002156880093148329,8.594901444512735e-05,0.00426499312891993,0.02409176134744796,0.00012712385225308915,0.028543771678965886
261,0.1911671311698231,0.0020301101264503974,0.00011913337910003148,0.004201752190031655,0.024007556571795298,0.00012709335426395533,0.028450863207634073
262,0.19094584996569863,0.0019864840208748563,0.00011039270945965678,0.0041405758205970145,0.02392382625791347,0.00012702985371336865,0.028358428654831652
263,0.19072855271651057,0.0019417392708120998,0.00010276527658812803,0.0040807010321853516,0.02384056077690172,0.00012693794243637908,0.028266467565351932
264,0.19051102166288514,0.0018721888671292001,0.00012336384306516575,0.004022752466804702,0.023757661260261072,0.00012692445526894057,0.028174981847998923
265,0.1902955105817159,0.001831638680495774,0.00011633163014355121,0.003966906278995424,0.02367523260394617,0.00012688463261809323,0.02808397404510793
266,0.19008088057162054,0.0017900447202555,0.00012459357783688638,0.003912683058514994,0.023593265608127103,0.00012687605188857563,0.027993444865382862
267,0.18986737018559818,0.0017514311369242848,0.00011615898037915323,0.00386015407948498,0.023511766225771866,0.00012683606281577926,0.027903395272898167
268,0.1896629581796594,0.0017214649108868109,0.00011149325007966685,0.0038089949415635806,0.02343076138817006,0.00012677902633720636,0.02781382501144339
269,0.18946596553089856,0.0016954066924101494,0.00011152003953674737,0.0037591301232129987,0.02335026007448206,0.00012672251157127873,0.02772473354889439
270,0.18928381435728792,0.0016624676621021395,7.91225731499263e-05,0.003710249800718826,0.02327023132019284,0.00012654686604204863,0.02763611921772031
271,0.18910295995879212,0.0016346327947822717,7.727827065482618e-05,0.0036617435160690667,0.0231906886785553,0.00012636573150018383,0.027547978130581886
272,0.1889224649970629,0.0016282448760589123,6.923942267284881e-05,0.003614631506792259,0.023111705367923445,0.00012615647762169544,0.02746031019423101
273,0.18874053980896477,0.0016012965911634508,6.732503754598705e-05,0.00356878546334471,0.02303320022640242,0.0001259417643367476,0.02737311484849785
274,0.18855938999681388,0.0015751343203766466,6.537508854891018e-05,0.003524165573029609,0.022955170895835056,0.00012572152187933727,0.027286391396587055
275,0.18837926665017335,0.0015537262119201469,5.377931359758322e-05,0.003480810959285955,0.02287762942958899,0.00012546086170440337,0.027200139293553357
276,0.18819989643699886,0.0015288539941109799,5.015135201653699e-05,0.003440027482138498,0.02280055803812517,0.0001251889862181656,0.027114362716616842
277,0.18801903106292905,0.001504971172570987,4.71437043905036e-05,0.0034003574454679686,0.02272395520767354,0.0001249082477943251,0.02702906053938249
278,0.18785779523596413,0.0014881899659688448,4.0140038602646245e-05,0.0033614706257116544,0.022647841353760616,0.00012460441908754486,0.026944230468007327
279,0.18770327452790747,0.001466138950276938,3.785782070239019e-05,0.003323076782575482,0.022572192416605318,0.0001242946098075979,0.026859869204845073
280,0.18754704005610456,0.001444642508565216,3.615632188742848e-05,0.003285639888853001,0.022497005406256418,0.00012398095041998164,0.026775975150339762
281,0.1873905948353154,0.0014163981453676159,2.608780035261836e-05,0.003249074650288288,0.022422251479799364,0.0001236338115899555,0.026692546425162274
282,0.18723404319820158,0.0014070955079671578,2.6580602418937217e-05,0.0032144741752367628,0.022347992978132114,0.00012329086738793778,0.026609585039120136
283,0.18707593636069353,0.001385598514216314,3.2411836379846306e-05,0.0031809635400776607,0.022274181730019733,0.00012297087079988112,0.026527089892996743
284,0.1869166427506337,0.0013727375452993109,3.241095579988212e-05,0.0031487354631622457,0.02220084332937159,0.00012265311671216182,0.02644506057920785
285,0.18676714128456773,0.0013536255907201295,3.2483675956366666e-05,0.0031169179286334513,0.02212795095965603,0.00012233783894728141,0.026363493646863186
286,0.18663035334763034,0.0013499988661796623,3.369133029197502e-05,0.0030857989134507693,0.02205555391403416,0.00012202896609482391,0.02628238669657255
287,0.18649158690277368,0.0013513328382931578,4.0929537857499845e-05,0.0030553190407639386,0.02198366425752117,0.00012174737085788875,0.026201737156100992
288,0.1863515019103441,0.0013383626242102899,4.2944510109550304e-05,0.003025600027606033,0.021912227227648122,0.00012147469659924397,0.026121542909981633
289,0.18621293549437912,0.0013373949967991493,3.82152802847226e-05,0.002996657131903958,0.021841279530300368,0.00012118759516367665,0.026041801924539986
290,0.18607375800741344,0.001304666749506323,4.039934958020219e-05,0.0029685766150016287,0.02177070697778905,0.00012090997232662003,0.025962512490486592
291,0.1859367384675754,0.0012874070744770326,4.081668814630346e-05,0.002940932503726636,0.021700558690448936,0.00012063568025750935,0.025883671463134673
292,0.1858022548850271,0.001270213607422465,4.163383890033978e-05,0.0029138916861294185,0.021630830550233827,0.00012036604939963505,0.025805276310312132
293,0.18567937626561237,0.0012535615587170117,4.295945531684672e-05,0.002887342551731678,0.021561520111487174,0.00012010276166465959,0.0257273241546707
294,0.18555547892177815,0.0012412196477519662,4.497297157629945e-05,0.0028614824510711095,0.021492637737033832,0.00011984808441012278,0.02564981282686189
295,0.1854304880446893,0.0012234676483476206,4.897518169096653e-05,0.002836193608972992,0.021424160811058544,0.00011960864892796347,0.025572739788963614
296,0.18530491770560742,0.0011494373390502969,6.0798613311359404e-05,0.0028114607145841306,0.021355895748863228,0.00011941063534002878,0.025496102485682876
297,0.18518285283388214,0.001081165461775743,9.704106807341735e-05,0.0027872462565954248,0.02128785974118844,0.00011933556967806028,0.025419898270149024
298,0.18506763938092607,0.0010670330361342824,0.00010206123717308136,0.002766318687168148,0.021220231558228393,0.00011927779599075266,0.025344133789938387
299,0.1849571557331422,0.0010470616634160382,0.00010594713430248605,0.002746069467059943,0.02115298765857902,0.00011923336045179177,0.025268806908862126
300,0.18484961018692792,0.00103328686510318,0.00011133706260832801,0.002726508517659443,0.02108614479880003,0.00011920712690413908,0.02519391555208072
301,0.18474233375511506,0.0010199263352701025,0.00011710943227170863,0.0027075708122039155,0.021019700366801584,0.00011920018089542242,0.025119457456915562
302,0.18463741885073626,0.0010012903752489,0.00011685567913682969,0.0026891931077811207,0.020953633007093492,0.0001191924432658561,0.025045430181835915
303,0.18454059119630206,0.000988615709528436,0.00012246099885757143,0.0026711039464689386,0.02088795860808834,0.00011920319509346043,0.02497183042448273
304,0.1844440566356904,0.0009763065267169874,0.00012840622397014843,0.0026535594436603105,0.02082267450290352,0.00011923336895862989,0.024898655765529215
305,0.18434891478571558,0.0009420262291521817,0.00011925330459334216,0.002636497798145418,0.02075770506410041,0.00011923343410776295,0.02482590361530901
306,0.18425542548784035,0.0009355332179016706,0.0001232643302410806,0.00261943048025817,0.020693137729096506,0.0001192465640625946,0.024753569826595486
307,0.1841617997880265,0.0008918809931955504,0.00010447856263407277,0.00260283493975017,0.020628847934499428,0.00011919861600600848,0.02468165185618365
308,0.18406918493923863,0.0008878494950884535,0.00011012881619865727,0.0025857801969196965,0.02056496120815829,0.00011916926390307207,0.02461014418091095
309,0.18397661828881917,0.0008770977797849743,0.00011368760520084685,0.002569047020871763,0.02050145197129257,0.0001191515811330649,0.02453904386749147
310,0.1838847262025083,0.0008299289213922849,8.710587252066225e-05,0.002552722319273031,0.020438199485601573,0.00011904854026935943,0.02446834829981231
311,0.18379357557700082,0.0008196559266889841,8.854397903344066e-05,0.0025352291567889576,0.020375319538297368,0.00011895076923975713,0.02439804984102057
312,0.1837036647176844,0.000815074002632285,8.87938348839436e-05,0.0025179467252597156,0.02031282674105882,0.00011885442120667147,0.024328145358222614
313,0.18361558396123456,0.0008104931827555127,9.924679633650807e-05,0.0025009328224214465,0.020250717398516454,0.00011879197654147986,0.0242586319425035
314,0.18353187678226424,0.0007689403526218107,7.320519073179235e-05,0.0024842394790284077,0.020188870487259643,0.00011864725658652846,0.024189506887063898
315,0.18345373357854688,0.0007595036463300057,7.255729106331178e-05,0.0024653875890771975,0.02012738514915544,0.00011850140226525246,0.024120759674095587
316,0.18337774056395428,0.000763439581982739,6.78120721216406e-05,0.0024467548170421438,0.02006630014736625,0.00011834149901558809,0.024052387419026013
317,0.18330099425764557,0.0007550981958051328,6.778899151458807e-05,0.0024283767841604778,0.020005573097204108,0.00011818252886621386,0.02398438738558304
318,0.1832246459816822,0.0006744809226454106,9.10619901948291e-05,0.0024102295200302383,0.019944974062174145,0.00011809751150360765,0.023916756796662813
319,0.1831528901132251,0.0006369101037742361,6.193288714135631e-05,0.0023955707839905032,0.019884636362304146,0.0001179219970524756,0.02384950309037321
320,0.18308141606808848,0.0006305070249175757,6.0323036669250466e-05,0.0023781849871754345,0.01982465465097272,0.0001177425610388207,0.023782614248930228
321,0.18300974051677188,0.0006243182153282518,5.887259031031774e-05,0.002360980272044378,0.01976502627694898,0.00011755973504276945,0.023716087435337412
322,0.1829379014678545,0.000618304791252579,5.755290288860333e-05,0.002343952346438703,0.01970574850145147,0.00011737395537665748,0.02364991983444299
323,0.182865932937893,0.0006243233942355234,6.320447366255682e-05,0.002327099656127836,0.01964685521408352,0.00011720676561828064,0.02358410866105313
324,0.18279336655728606,0.0006178210811895806,6.300855037161707e-05,0.0023105955539350796,0.01958830433982846,0.00011704000187906014,0.023518651697646612
325,0.18272109681079507,0.0006213732698405232,6.196603315688485e-05,0.0022937965995989858,0.019530123569675123,0.00011687106332469763,0.023453544780167937
326,0.1826485577228425,0.0006149608649341498,6.074421429254895e-05,0.0022771212262750876,0.01947227903540986,0.00011669942158453817,0.02338878507511016
327,0.182576618927192,0.0006095480158671027,6.073604966796231e-05,0.002260608913012943,0.019414770709130766,0.00011652880154820714,0.023324369903884253
328,0.1825111389593248,0.0006035952514829781,5.9395085791868804e-05,0.002244166284886905,0.01935759388403153,0.00011635514283770157,0.02326029633665326
329,0.18244535241387116,0.0006021414836064439,6.09930042826613e-05,0.0022279125393456743,0.01930075917978782,0.00011618737878147417,0.02319656184029778
330,0.18237889147182385,0.0006066010371388706,6.781937900459466e-05,0.0022119155899703053,0.01924428136062574,0.00011604125189393072,0.023133164117487125
331,0.1823117359030959,0.0006014954330549014,6.81837932241521e-05,0.002193297743517123,0.01918812839096438,0.0001158971029220338,0.02307009223081854
332,0.18224443518214617,0.0005984800235465723,6.913495656687534e-05,0.0021749267542646115,0.019132303621092254,0.00011575667605610238,0.023007343986144204
333,0.18217894715347915,0.0006288451579377547,7.880717266467361e-05,0.002159422451555464,0.019076904044855268,0.00011564604880043942,0.022944925059393936
334,0.1821144884473127,0.0006236178036835076,7.975269475870631e-05,0.0021411490111376092,0.019021819608314457,0.00011553890446001634,0.022882824235369293
335,0.18205059739703255,0.0005480501622084368,6.863865108521024e-05,0.002123123901716934,0.01896683815162962,0.00011539932037259131,0.022821039412947705
336,0.1819902437944707,0.0005394869550247251,6.411303387408251e-05,0.0021100860302517258,0.01891215758428064,0.00011524713554618624,0.022759582577984216
337,0.1819299630935307,0.0005074332930031061,8.247066001593225e-05,0.002094620190129865,0.01885770573726503,0.00011515016372509081,0.022698443636008314
338,0.18187263266857556,0.000517684709295651,9.514833389631471e-05,0.0020796952244664163,0.01880360538025037,0.00011509116127721832,0.022637621369307602
339,0.18181500408259832,0.0005136266321452516,9.459242807784261e-05,0.0020649958595728114,0.018749811325108882,0.00011503087088545545,0.022577113647220145
340,0.18175803726654793,0.0005091929168509177,9.456461008952904e-05,0.0020504520311237034,0.018696319775524547,0.00011497085252535008,0.02251691815860989
341,0.1817032539658172,0.0005066480103629877,9.603728409435571e-05,0.002036056659526059,0.018643133600772615,0.00011491549121414834,0.02245703259867105
342,0.1816512662662393,0.0005023662895644044,9.631438404166915e-05,0.002021845904084022,0.018590245066337604,0.00011486126058099241,0.022397454794896743
343,0.181599146581501,0.0004989258165676762,9.975192978841868e-05,0.0020078014581415386,0.018537654022006876,0.0001148173381077582,0.02233818254682478
344,0.1815471470047132,0.0004948596009656454,0.0001002940970221377,0.001993989700674265,0.01848535606716328,0.00011477524175678539,0.022279213871908402
345,0.18149504786761161,0.000490407887156164,9.99453336710586e-05,0.001980338380905421,0.018433347546411814,0.00011473238075075728,0.022220546601703188
346,0.1814429636307784,0.0004847754782358549,9.184182444634976e-05,0.001967198173817424,0.018381622554860873,0.00011466641372970711,0.022162179603351935
347,0.18139063021116408,0.0004903987145837544,0.0001006716654223398,0.0019525910082650387,0.018330210992101456,0.00011462619893572042,0.02210410607290628
348,0.18133858895504917,0.0004860955539584996,0.00010158339841996226,0.0019388788105228114,0.018279081721505056,0.00011458882701447182,0.022046326052097158
349,0.18128686223128865,0.0004819425207216812,0.00010268515799265491,0.0019253467425716772,0.018228232752359963,0.00011455481653155233,0.02198883753978423
350,0.18123587771370042,0.00046413295240541817,0.0001093604812591636,0.0019119732684382545,0.01817762278141992,0.00011454001785556262,0.02193163849627612
351,0.18118589499881876,0.0004629640100840428,0.00011002680045174409,0.0018994272713390807,0.01812729704627408,0.00011452719621521086,0.021874728805296187
352,0.18113699138076278,0.00046008307111286345,0.00011089310018142476,0.0018869353074265464,0.018077248281471923,0.00011451690132559674,0.0218181061608263
353,0.1810879997399497,0.00045751996560272195,0.00011154928135021224,0.0018745884568922009,0.018027475037641787,0.00011450851821832164,0.021761768540193717
354,0.18103891937708605,0.0004445148820099207,8.536019977327753e-05,0.0018623877826295895,0.017977945572414653,0.00011442641027903983,0.021705713946510437
355,0.18098939091842925,0.0004497204365777624,7.776049693611327e-05,0.0018509162957930487,0.017928708984954436,0.00011432341614043611,0.021649942042997188
356,0.18093901802213352,0.0004463625561352267,7.75027614406777e-05,0.001839106370616459,0.017879738826890517,0.00011422027705164126,0.02159444950609976
357,0.18088991366421658,0.0004430922392965423,7.738664268867563e-05,0.0018274035280477275,0.017831033110165397,0.00011411738980481734,0.021539234293870568
358,0.180845003113681,0.00044920817287767776,5.449142416986979e-05,0.0018157799330430948,0.01778261577050721,0.00011395130076405148,0.02148429430957857
359,0.18079866326865401,0.00044375568730589026,7.020748337391021e-05,0.001802647403349408,0.017734452270276098,0.00011382979016018997,0.021429623068172376
360,0.1807529663263696,0.00044946454721706653,5.467616450527611e-05,0.0017908646681840908,0.017686571417857653,0.00011366592970131209,0.021375222075374626
361,0.1807063255369099,0.00044426353937639687,7.019560658803463e-05,0.0017781192917231173,0.017638940733110467,0.00011354584593580579,0.021321086432325862
362,0.18066024502695255,0.00044138357642221725,7.054458578089307e-05,0.0017666895597490007,0.017591564542596177,0.00011342738516402918,0.021267217570417937
363,0.180614095179378,0.00042758390689922465,6.252211661940899e-05,0.0017553846301575837,0.017544410749640964,0.00011328753552517034,0.02121361363376887
364,0.18056880410456388,0.0004301644048891288,7.715478559189832e-05,0.0017432818825129663,0.017497522403490957,0.00011318854168973671,0.021160270259107893
365,0.18052375961832068,0.00040653007029109337,6.57170613074127e-05,0.001732439237542775,0.017450825703127025,0.00011305883819142435,0.021107188753584492
366,0.18047988480420618,0.0004080379104745723,7.955677148907988e-05,0.0017214404834964194,0.017404387589250586,0.00011296755190613187,0.02105436655121368
367,0.18043597608502515,0.00040607621588144586,6.454649723461783e-05,0.0017116139514843562,0.017358196525736,0.00011283597295322015,0.021001804723497025
368,0.18039168147771667,0.00040995256816570057,9.411091600809924e-05,0.0017007792529932586,0.017312266325308977,0.00011278522754144475,0.02094949842140894
369,0.18034775863881958,0.0004104026334145127,8.751831846619471e-05,0.0016909252509390788,0.017266585612628182,0.00011271693859799812,0.020897448223650913
370,0.1803040314371096,0.00040995252276902115,7.558595612368479e-05,0.0016808213970064521,0.017221149943922362,0.00011261685508728568,0.020845651385843246
371,0.18025996634952413,0.00040350917603978337,8.681484489134365e-05,0.001669756192612989,0.017175941232180744,0.00011254749484482346,0.0207941032804851
372,0.18021625053878543,0.00039940754997900695,8.900158275717887e-05,0.001659861727069753,0.01713096393008369,0.0001124843690751515,0.020742805045757446
373,0.18017360225737455,0.00039867579549958805,7.752236110203877e-05,0.0016501762530828634,0.017086225191755924,0.00011239088777041057,0.020691755236151365
374,0.18013291906348394,0.000395946013345007,8.255407385495084e-05,0.001639508959427859,0.017041717780613492,0.00011231132293330267,0.0206409492460801
375,0.18009256401049334,0.0004050193517737156,0.000108962658535155,0.0016297550526594984,0.01699747124223892,0.00011230241691096717,0.020590387559395473
376,0.18005292476101253,0.00040804831593155505,0.00012444138922434629,0.0016181119870230317,0.01695346746789858,0.00011233461577651989,0.020540063221007217
377,0.18001381164041907,0.0003865407951057437,8.099936389412488e-05,0.001607646078744847,0.016909639619557857,0.00011225171828476751,0.0204899774613716
378,0.17997654822096654,0.0003791876432134394,0.00011164919225939451,0.0015976719117254507,0.016866023651282543,0.00011225012850633645,0.0204401296894728
379,0.17994015529887308,0.0003695070068119521,0.00010095510033718814,0.0015878374545793272,0.01682261176537604,0.00011222040474799659,0.020390518394117815
380,0.17990404294767393,0.00037464825046309254,0.00011617932127060432,0.001577407001774141,0.016779441257462883,0.0001122307956050113,0.020341140148993554
381,0.17986822210220943,0.0003646140535712826,0.00010513108619511766,0.001567891670153394,0.016736470505620236,0.00011221220997828381,0.020291995519467795
382,0.17983273194394656,0.0003301823625688125,7.174190730354538e-05,0.0015577778823456618,0.016693634244150126,0.0001121065433916657,0.02024308111310455
383,0.17979822707952375,0.0003338162067313503,0.0001043525306573591,0.0015493573814688796,0.016651030551344346,0.00011208635065017011,0.02019439954088675
384,0.17976433002051362,0.0003277730457591561,0.00010402673457968076,0.0015407856520074535,0.01660863247990127,0.00011206541658245456,0.02014594859572083
385,0.17973073598775513,0.0003271359238188978,0.00011866795400199778,0.0015318025444726025,0.016566452437009865,0.00011208252160167617,0.020097725419422258
386,0.17969742445576897,0.0003268514755083602,0.00010271329117797551,0.0015238043521527732,0.01652448964382769,0.00011205831170394052,0.02004973079134146
387,0.17966364180406402,0.00032205592871547054,0.0001198826669367352,0.0015148474545359993,0.016482730794046472,0.00011207847756794257,0.020001960473463094
388,0.17963042321668365,0.0003170269316359467,0.00010714954933519719,0.0015070351512840433,0.016441173714708657,0.00011206580680127742,0.019954415678290396
389,0.1795975726251089,0.00033193643675620186,0.00012210266563053487,0.0014984074659075922,0.01639986797809852,0.00011209154233673705,0.01990709258030993
390,0.1795643693514073,0.00032172736747153134,0.00011141018944699605,0.001490711400139953,0.01635874741387697,0.00011208979974622621,0.01985999186117906
391,0.17953135651510954,0.0003220363328168902,0.000126185977283756,0.001482449072628294,0.016317837436629366,0.00011212575938280154,0.019813110374473572
392,0.17949850308535686,0.00031162454338748825,0.00010864515169146921,0.0014751072564378913,0.016277109159547328,0.0001121169028746811,0.0197664487889315
393,0.17946562668209998,0.0003159855725039609,0.00011997021327597212,0.0014670176881929433,0.016236598693590364,0.00011213683513458285,0.019720003532330638
394,0.17943324547146222,0.0003079549436568815,0.0001127294930406107,0.0014596564119383555,0.016196273013210787,0.00011213833553434494,0.01967377480544357
395,0.1794022195827416,0.0003137405099282585,0.00012590161810679192,0.0014517827390560934,0.016156165607899467,0.00011217309129841677,0.019627759673962793
396,0.1793715339263522,0.000306711749722563,0.00011221817271719305,0.0014446162207969837,0.016116242550322193,0.00011217320485362779,0.01958195830506313
397,0.17934134419451642,0.00030091214226653766,0.00011619008590629699,0.0014367518987765946,0.01607650553924668,0.00011218329751958928,0.019536367334193068
398,0.17931165279157346,0.0003226994332517533,0.00012441937074950197,0.0014291459557857027,0.016037022315923383,0.00011221396436978955,0.019490985826979015
399,0.1792818001809786,0.0003098398884627551,0.00011197165160032635,0.0014220106746984454,0.01599770435985473,0.0001122133585878659,0.019445813389098312
400,0.1792521239823608,0.00031721140262900964,0.00012700546279983187,0.0014143406609217497,0.015958600886145938,0.00011225024662829474,0.01940084712294326
401,0.17922324614890872,0.0003087354801648622,0.00011952647999212509,0.0014073057696809056,0.015919670872698223,0.00011226834671128933,0.01935608706982569
402,0.17919443606695618,0.0003099956855066078,0.00011940748241945285,0.001399922671973786,0.015880937187370204,0.00011228606168823268,0.019311530830625066
403,0.17916661463405648,0.00026818226863282643,0.0001196032998839096,0.0013924886395295377,0.015842291754403034,0.00011230417366396456,0.019267176765795622
404,0.17914176395867853,0.00025996297947669656,0.00010450818574562837,0.001386910069815176,0.015803816868539017,0.00011228492431107978,0.01922302795913888
405,0.17911647165679057,0.00026142523739038065,0.00010304620542014612,0.0013806932821879478,0.01576553511575294,0.00011226216884583119,0.019179081322003536
406,0.1790910175515117,0.00026080170516460614,0.00011856457823275452,0.0013743934676186211,0.015727439947667954,0.00011227765388117988,0.01913533516019915
407,0.17906633124563465,0.000256350999385048,0.0001029874399206525,0.0013689402625628544,0.0156895206120104,0.00011225488374892369,0.019091790074665726
408,0.17904170505447436,0.000253810581938721,0.00010363418852463297,0.0013627501969010593,0.015651780489687482,0.00011223380625448778,0.019048442788901023
409,0.17901727763432174,0.0002594098799913267,0.00011977487703404818,0.001356767600106471,0.01561423812234676,0.00011225219911004767,0.01900529236161128
410,0.1789931102962019,0.0002537369346192159,0.00010341240598638385,0.0013514690160582202,0.015576864640138176,0.00011223069109758133,0.018962339020137914
411,0.17896857599320737,0.0002475378042492091,0.00010319362451074019,0.0013454500112264009,0.015539657536167572,0.00011220875646994337,0.018919579580795896
412,0.17894423322195463,0.0002454501288395826,0.0001031791136345111,0.0013396117607404148,0.015502625556973073,0.00011218689292796896,0.01887701307275702
413,0.1789199287058525,0.0002612735168741187,0.00015379647774824566,0.0013338263295664457,0.015465810696972834,0.00011228739917149621,0.01883463822555125
414,0.17889736040152182,0.00024690383436016,0.00013875234286731406,0.001328292205206837,0.015429138632243647,0.00011235117012016083,0.018792454259237163
415,0.178874826032422,0.0002461373576248854,0.0001419485884444863,0.0013223637555221817,0.015392641033025813,0.00011242231776036354,0.018750458849372462
416,0.17885234078492362,0.00024894181676051147,0.00014487446067754033,0.0013165600400913975,0.015356325207567143,0.00011250014064505701,0.01870865093855884
417,0.17882982347250342,0.0002535408691138205,0.00016455603745469695,0.0013107334772531653,0.015320194144556489,0.00011262467628335757,0.018667029126450452
418,0.178808159992089,0.00024305983133295935,0.00015045253704067406,0.0013056745689369318,0.015284210530443784,0.00011271495757394782,0.018625593912709373
419,0.17878650085780246,0.00023415753903855254,0.000141319014227579,0.0013001252159431608,0.015248377070940438,0.00011278306247074218,0.01858434279676469
420,0.17876486352437726,0.0002396739649990707,0.00014281045791338733,0.001294697535272655,0.015212726944798059,0.00011285438645041593,0.018543274755763523
421,0.17874299777860903,0.00024747376843607,0.00018631168774061417,0.0012892048354957463,0.015177264259546016,0.0001130284558847529,0.018502388334151514
422,0.17872253610151478,0.00023070407077084533,0.00013227768607163218,0.0012852635386842502,0.015141929601889337,0.0001130739623390954,0.018461685911467195
423,0.17870011002843933,0.00022817565371268403,0.0001331380029540003,0.0012812480325464168,0.015106755653898355,0.00011312128318960225,0.01842116601080936
424,0.17867814371141866,0.00023104779505048819,0.00013663570251031982,0.0012772712576839985,0.015071753988348126,0.00011317661123506276,0.018380827434919655
425,0.1786561603463861,0.00022822055158115063,0.00017621617257195215,0.0012732388390128309,0.015036910013144448,0.00011332459142599442,0.018340668776243817
426,0.17863609107265788,0.00022741803730860354,0.00013913073748924806,0.0012693472120731907,0.015002227362147173,0.00011338502736525263,0.018300689100449505
427,0.17861406126086266,0.00022486558746746127,0.00014013452437403533,0.0012663452390207575,0.01496770081594465,0.00011344752619003951,0.018260889231614393
428,0.17859281512057623,0.0002304398896579095,0.00015262641772300167,0.001263367875884561,0.014933348226372888,0.00011353885227752894,0.018221267969712924
429,0.17857204955864758,0.00022001681293127082,0.0001405097611754909,0.0012605245783463626,0.014899131176574187,0.00011360157532147769,0.018181824380430676
430,0.17855068725438716,0.00022396323617529518,0.00014720625921193933,0.001257250529192247,0.014865082063023376,0.00011367954442563189,0.018142556227643578
431,0.17852949356347203,0.0002195036249727189,0.00014350576858606417,0.0012542709307006915,0.014831180261083444,0.00011374858661118844,0.018103462974641396
432,0.17851007843395683,0.00021469349785501498,0.000142934302633004,0.0012509324815305077,0.014797423940614096,0.00011381599011239357,0.01806454258089287
433,0.17849097545670078,0.00018452621837529096,0.00012582725874509752,0.001247601921668533,0.014763753669364698,0.0001138436658465703,0.0180257938696965
434,0.17847310877280154,0.00017227919946256328,0.00015224547280261403,0.0012450719632294811,0.01473021004989366,0.0001139319458625612,0.017987217497497727
435,0.17845650247091616,0.00017121144335896813,0.00015263765981910523,0.0012423681063278777,0.014696817851254818,0.00011402072043585603,0.01794881187962807
436,0.17844016244738192,0.00016926615409207428,0.00015375967012867608,0.0012396117080546063,0.014663574025860852,0.00011411165624751009,0.017910575723629047
437,0.178424102000605,0.0001656695790087737,0.00015515290414068044,0.0012369055315035714,0.01463047378739772,0.00011420535772671822,0.01787250798346438
438,0.17840833884079332,0.00017224698135884776,0.0001668706166157035,0.0012343336725889704,0.014597539329980775,0.00011432532414787765,0.017834607814191314
439,0.1783928210904131,0.00016048150501135378,0.00016002329367676273,0.0012321229346483591,0.014564727834924027,0.00011442918316953421,0.017796874894010533
440,0.17837748079146887,0.0001571293797927831,0.00016084235802215567,0.0012297074476690713,0.01453205754364255,0.0001145344284639846,0.017759307620889578
441,0.1783620073528438,0.00015709723527899732,0.00016173563247228332,0.0012274110693388921,0.014499535009008243,0.00011464121851830202,0.017721905140003717
442,0.17834671743786212,0.000155392950604641,0.0001626457666667366,0.0012250574404644434,0.014467155455829004,0.00011474958092947231,0.01768466620614471
443,0.1783314585574558,0.0001524083180340419,0.000163254325461707,0.0012227360876423303,0.014434915034347484,0.00011485882584958996,0.017647589786958896
444,0.17831607263827154,0.00016129849171958376,0.00017449456996786267,0.0012205251670567238,0.014402839491555061,0.00011499283875772091,0.017610675035004058
445,0.17830074972951904,0.00014523277111215343,0.00016718149174392672,0.0012185209488269697,0.014370871763482321,0.00011510985367473034,0.017573921326290657
446,0.1782860129167001,0.00014262129240680748,0.00016769013497289846,0.001216154006540766,0.014339041225515709,0.00011522748293937949,0.017537326768528354
447,0.1782711494322844,0.00014259018733794055,0.00016950868725227784,0.0012138926237507206,0.014307352718734062,0.00011534864634186362,0.017500890531598045
448,0.1782565038888415,0.00015884891668086214,0.0001920516997499167,0.0012115893126240628,0.014275841574408777,0.00011551947719577911,0.017464611464295208
449,0.1782419578166612,0.0001583686530606953,0.00019506398770487355,0.0012098830908388472,0.014244469412361337,0.0001156962427746882,0.01742848984568753
450,0.1782279275119949,0.0001566300819291669,0.0001973900207681802,0.0012081411629513558,0.014213232518058826,0.00011587738197201301,0.01739252454927348
451,0.17821395687355435,0.00015390724527665533,0.00019873840016539177,0.0012064405662999033,0.014182127816127892,0.00011606070280872403,0.017356714628957166
452,0.17819988861676683,0.0001629853356875794,0.0002079707072419303,0.0012048453967377511,0.014151180481733984,0.00011626359465073994,0.01732105928848869
453,0.17818577360599086,0.00016167300843012136,0.0002106076337147607,0.001203277442488208,0.014120366588620977,0.00011647140090418492,0.017285557566360937
454,0.17817172073446041,0.00016100179743284645,0.00021449534076475472,0.0012018341590030119,0.014089686666002983,0.0001166868381346477,0.017250208723707403
455,0.17815782513761302,0.00015818598825447958,0.00021611592385061945,0.0012003526628557167,0.014059135129428973,0.0001169048843752529,0.017215011670942377
456,0.17814407365057816,0.0001575827517644427,0.0002201619330929952,0.0011989872945040924,0.014028715977617892,0.00011713082977726109,0.017179965665742297
457,0.1781306944566743,0.00015483262376719196,0.00022178314617773406,0.0011975900239633386,0.013998423655884594,0.0001173593282846857,0.01714506964905719
458,0.17811846701314815,0.0001551338031188504,0.00022458375523754193,0.001196328198011716,0.013968263983002752,0.000117592932700705,0.01711032293565622
459,0.17810753819106906,0.00015825432664492376,0.0002165179894341486,0.0011949979254433421,0.013938242222880235,0.00011780798717186466,0.017075724403025322
460,0.17809591425530624,0.0001310829044776275,0.00020855303149240034,0.0011935761079550032,0.0139082917688273,0.00011800483108579207,0.017041272888285473
461,0.17808477882909846,0.00016408750953521384,0.00014478615122853826,0.001191809595551266,0.013878542408958704,0.00011806279931120927,0.017006966690682152
462,0.17806916602753908,0.00015182715919867225,0.00018308652878330656,0.0011887012262213489,0.013848895075805874,0.00011820323933166737,0.016972801970456534
463,0.1780556834115703,0.00014962652476131004,0.00018148644172751407,0.001186111408858146,0.01381937079013552,0.00011833962554372738,0.016938778930453088
464,0.17804212550782283,0.00014962434194146243,0.000183507893670409,0.0011836094006378675,0.013789973485945855,0.00011847977235690305,0.016904896845442732
465,0.17802853533758323,0.0001474266003844664,0.00018166609554939983,0.0011810515324436213,0.0137606976342601,0.00011861536532512727,0.0168711546881187
466,0.1780151728491639,0.00014755282221004746,0.00018405711711310635,0.001178573324622382,0.013731547431236439,0.00011875549755593665,0.016837551730166888
467,0.1780021986895055,0.00014545737889370096,0.00018199740591071993,0.0011760421728411034,0.013702517324286989,0.00011889062983874601,0.01680408696615551
468,0.17798915382890423,0.00014415292771617535,0.00018402567582629417,0.0011735857532646087,0.013673608231756987,0.00011902951053381542,0.016770759671458513
469,0.1779761976513201,0.00013999192388703554,0.00018466888422704927,0.0011710803648279499,0.01364481330344237,0.00011916916877571592,0.016737568864423128
470,0.1779633276451813,0.00013990770842230252,0.00018715045224531202,0.0011687726530638478,0.013616140467784154,0.00011931350271089554,0.01670451409539689
471,0.17795046402991055,0.00013757651483404555,0.00018394634231446214,0.0011664218518022925,0.013587584188222817,0.00011945043669310647,0.01667159440844012
472,0.17793751813130276,0.00013768459434341862,0.00018677838180531446,0.0011641299756735815,0.013559148882527513,0.00011959277907177922,0.01663880907137296
473,0.1779245862306249,0.00013374370953722967,0.00021297756984007396,0.0011618020758495616,0.013530825242922049,0.00011978979339829461,0.016606157157880296
474,0.17791303460341412,0.00013407911132959499,0.0002174842087948505,0.001159887833216359,0.01350262156685554,0.00011999546585176105,0.01657363869614416
475,0.17790200662872913,0.00013204019278757008,0.00021507929798995752,0.0011579626845591288,0.013474532110187329,0.00012019522180163122,0.01654125282217024
476,0.17789157755013152,0.00013248285588900993,0.00021997593834129642,0.0011561050083820912,0.013446561357033664,0.00012040440569374792,0.016508998843524983
477,0.1778812397099756,0.00013595247060656522,0.00023357053229583954,0.0011542343628567595,0.013418714894928168,0.00012064115491258074,0.016476875905280908
478,0.177870982326243,0.00013094030017899154,0.0002337621782934437,0.0011522906212327053,0.013390974238154161,0.00012087731571295833,0.01644488303412423
479,0.17786078047644005,0.00013009060510651705,0.0002351672684373249,0.0011503444492196753,0.013363347397251979,0.00012111541978113408,0.016413019412072346
480,0.17785078964462486,0.0001266784064591899,0.00024042482077084152,0.0011484191217040955,0.013335828334901057,0.00012136346427383618,0.016381284276333535
481,0.17784183830123323,0.00012570511077502906,0.00024168740205559973,0.00114657605348088,0.013308421440245194,0.0001216130989995245,0.016349676997862887
482,0.17783300963014126,0.00012487896999983003,0.00024289215540098047,0.001144761367663835,0.013281126321259178,0.00012186419435439293,0.016318196841278623
483,0.1778241308395878,0.00012404699009626092,0.0002442453026444326,0.0011429732542744498,0.013253942273054296,0.00012211704788391782,0.01628684307353688
484,0.1778152089634606,0.00012329554523336274,0.0002456412732236787,0.0011412132834652102,0.013226868774646416,0.0001223717370083297,0.01625561497087694
485,0.17780624352045105,9.182229804392091e-05,0.000201839345993546,0.0011394814391233105,0.013199841930044354,0.0001225352506070647,0.01622451181546181
486,0.17779670410459447,9.172674247904836e-05,0.00020208063086477756,0.00113755725774883,0.013172925882431283,0.00012269858814352818,0.016193532442653362
487,0.17778712432570853,8.984812637888911e-05,0.00022031890134748433,0.0011356480914290017,0.013146116296865603,0.0001228986297689461,0.01616267612226151
488,0.17777840005180034,8.936714295484994e-05,0.00022071423971403964,0.0011340170179309347,0.013119415378350449,0.0001230986616911242,0.016131942668060426
489,0.1777697006901202,7.82271943349302e-05,0.00021911395883674958,0.0011324086459695254,0.01309280070858715,0.0001232946112771357,0.01610133137413779
490,0.17776177185833997,8.013529100382342e-05,0.00022202008648051615,0.0011304107126797896,0.013066298335027917,0.0001234956814913992,0.016070840700692864
491,0.1777538574209785,8.026058488891835e-05,0.00022099136927058186,0.0011284327721384194,0.013039903949356904,0.00012369384345843008,0.0160404699528706
492,0.17774579446939187,7.86770412470204e-05,0.000220659954858459,0.001126461739856011,0.01301361342824512,0.0001238905292827709,0.01601021841491317
493,0.17773778871259394,7.912216027795462e-05,0.00022175786155602327,0.0011245073118586555,0.012987430247540732,0.0001240886412914212,0.015980085396485932
494,0.17772987098924387,8.663461597036331e-05,0.00021892470775233483,0.0011225734425175085,0.012961368034143621,0.00012428022930447357,0.01595007022082135
495,0.17772137639020924,7.816372728833988e-05,0.00022233148227538996,0.0011209943342810318,0.012935393831912056,0.00012447791328223752,0.015920172890404937
496,0.17771351172561323,7.781026793241886e-05,0.00022234896225686914,0.001119088931625903,0.012909523442447309,0.00012467483692202552,0.015890392037369163
497,0.17770604250774902,7.821411368431705e-05,0.00022197028540690426,0.001117209122027008,0.01288375776106425,0.00012487020930854133,0.015860727011434744
498,0.17769851194167208,7.762129349561095e-05,0.00022218192772275176,0.001115391131174189,0.012858094160928844,0.00012506522277229727,0.015831177240131614
499,0.1776910120120876,8.49956846418949e-05,0.0002194367772133569,0.0011135909128770526,0.01283254796397627,0.00012525396588117937,0.015801742067477104
500,0.1776829552833643,7.593430597603214e-05,0.00022271789320861736,0.0011121048186926684,0.01280708566126569,0.00012544850465828005,0.015772421434246
501,0.1776755455087975,7.557287247607893e-05,0.00022289464476446088,0.0011103213192515061,0.012781724082005154,0.00012564262047522464,0.015743214063499
502,0.1776681490946741,7.524923898013746e-05,0.00022309898776718478,0.0011085564700807791,0.01275646270060749,0.00012583637070840944,0.0157141193167924
503,0.17766076412009735,7.494420462113841e-05,0.00022333959750902798,0.0011068107031964045,0.012731300957559899,0.000126029829491744,0.015685136561606694
504,0.17765339008300773,8.292828409380728e-05,0.00021877869245391036,0.0011050839115636243,0.012706254675038183,0.00012621349060652057,0.015656265170220472
505,0.17764532106175124,7.433442003592824e-05,0.00022393261854943865,0.0011036533861120417,0.012681290405759523,0.00012640661141273188,0.015627505067880337
506,0.1776379595795592,7.408205169652847e-05,0.00022426355618971884,0.0011019525537949676,0.012656424117092733,0.0001265996231381303,0.015598855062921588
507,0.17763060763478178,7.38468332713955e-05,0.00022463134468337856,0.0011002706982564902,0.012631655264171825,0.0001267925989679438,0.015570314542518705
508,0.17762326464239053,7.362864612111219e-05,0.0002250361526556985,0.0010986078351702597,0.012606983306179584,0.00012698561184355824,0.015541882898692874
509,0.17761620441352033,8.129680295543283e-05,0.00021882048903152125,0.0010969615104298456,0.01258242313656542,0.00012716568023020132,0.01551355952342177
510,0.17760845752058207,7.319190904765656e-05,0.0002258796562103879,0.0010955803807330352,0.01255794323201059,0.00012735885826538758,0.015485344300050559
511,0.17760191363086308,6.975583562147749e-05,0.00022744231423166847,0.0010939583650044675,0.012533552241002017,0.00012755433376532171,0.015457236124396171
512,0.17759525037445423,6.905130305449915e-05,0.00022721209332483667,0.0010923947060425265,0.012509254968218492,0.0001277485984038393,0.015429234484204449
513,0.17758859924039827,7.615471645313456e-05,0.00021904102231370823,0.0010908456386204055,0.01248506605722284,0.0001279262101235083,0.01540133878606129
514,0.17758116375989896,6.819216129302303e-05,0.00022670329211979713,0.0010895364061165513,0.012460955622473461,0.0001281180102827244,0.015373548878527415
515,0.17757484794317646,6.78262648227049e-05,0.00022652954238427904,0.0010880114544674887,0.012436937929919874,0.00012830873030617702,0.015345863728480789
516,0.17756860617806947,6.748719238624432e-05,0.0002263878961824455,0.001086503087124793,0.012413012493290215,0.00012849843855738835,0.015318282760122266
517,0.1775623749894475,7.435786607891177e-05,0.0002169952903489196,0.001085010321065429,0.012389192696712587,0.00012866928190061528,0.015290805400201307
518,0.1775553825780456,6.68693564470798e-05,0.00022605408643986685,0.0010837353593916876,0.012365450262530957,0.0001288569212157198,0.015263431469486837
519,0.1775492966658032,6.768685774434125e-05,0.00022606761901510986,0.001082263921668871,0.012341800717521752,0.00012904386486533402,0.015236159993433342
520,0.17754319818922215,6.735738508321141e-05,0.0002261183563020608,0.0010810762375031663,0.012318241325328971,0.0001292301882654045,0.015208990926723303
521,0.17753707164069654,6.7070339678063e-05,0.00022611125455847302,0.0010798962889596185,0.012294771649111249,0.00012941578417784334,0.015181923695616476
522,0.1775309118873587,6.786852966014605e-05,0.0002290829400205799,0.0010787229898120319,0.012271393249265261,0.00012960635235345085,0.01515495772868377
523,0.17752475761299547,6.761810076442376e-05,0.00022922870409411585,0.0010775798106679205,0.0122481036020353,0.00012979647134532237,0.01512809250364939
524,0.1775185748899082,7.981052445151153e-05,0.00022523395409638808,0.0010764450962978888,0.01222492590093514,0.00012997825702675296,0.015101327460968721
525,0.17751134034791716,6.716649170164845e-05,0.00022954749695897303,0.0010754877509168894,0.01220181228989097,0.00013016755215970393,0.015074662366462918
526,0.17750509162137496,6.704492848329793e-05,0.00022977451861266816,0.0010743621992322073,0.012178786165865528,0.00013035655968618017,0.015048096331989995
527,0.17749881352655428,6.699897223648918e-05,0.00023002664813494573,0.0010732450050311055,0.012155847174968506,0.00013054532879309069,0.015021628810537422
528,0.17749258815142932,6.701599986502714e-05,0.00023031813723544336,0.0010721386875140468,0.01213299494212332,0.00013073393523627092,0.014995259263991064
529,0.17748632724223512,6.378578801005947e-05,0.00023044268644562585,0.0010710415182952854,0.012110222849379708,0.00013092206495553385,0.01496898715503692
530,0.17748020721253055,6.353753322679533e-05,0.0002306612745677306,0.0010699418024026658,0.012087536059707103,0.00013110989774199752,0.014942811928384125
531,0.17747406887164563,6.333758598952109e-05,0.0002308930098031639,0.0010688504741105105,0.012064934182876807,0.000131297459982714,0.014916733053470077
532,0.17746791004902196,6.316927129546335e-05,0.00023114735084102522,0.0010677682068371444,0.012042416800303483,0.00013148479561284217,0.014890750004977332
533,0.1774617297936063,7.417909385798215e-05,0.00022411703471898455,0.0010666951757419235,0.0120200043701416,0.00013165826422540048,0.014864862261851422
534,0.17745424347296357,6.287993465774964e-05,0.00023155525813188085,0.0010657510277878705,0.01199765460484163,0.00013184498757849673,0.014839069530572799
535,0.17744801066422866,6.280826734867438e-05,0.0002318789018716386,0.001064688413092711,0.011975388100480636,0.00013203161801561078,0.014813371058338696
536,0.17744221108984082,6.134812181589668e-05,0.0002323774808404216,0.001063638808474004,0.011953201806293178,0.00013221848181975383,0.0147877663427896
537,0.1774365029088354,6.125170420142035e-05,0.00023272373089927456,0.0010625874411038278,0.011931097809820887,0.0001324052945503849,0.014762254857842227
538,0.1774307701881639,6.120751814522212e-05,0.000233085086933743,0.0010615464884556772,0.011909075749910543,0.00013259208451770098,0.014736836103910156
539,0.17742500996023347,6.116302105338485e-05,0.00023348935392337097,0.0010605165638118202,0.01188713517078303,0.00013277893131289666,0.014711509586243307
540,0.17741922325423154,7.099931228119328e-05,0.00022362284795168793,0.0010594970280837892,0.011865293884538108,0.00013294684982794063,0.014686274812568336
541,0.17741225080732592,6.115235295125676e-05,0.00023411453792653548,0.001058568947062048,0.011843515025623742,0.00013313350607904503,0.01466113144381279
542,0.1774066683275859,6.038739499981536e-05,0.00023653403162781823,0.0010575608382161362,0.011821814974738616,0.0001333239306196505,0.014636078827596221
543,0.17740121214165772,6.050325866842165e-05,0.0002370337597962506,0.0010566022504054067,0.011800194916437015,0.00013351457368798985,0.014611116554476385
544,0.1773957232768837,6.069418014511723e-05,0.0002375577201466902,0.0010556545044194462,0.011778654548113544,0.00013370547854387737,0.014586244147045088
545,0.17739022380092928,7.019333123825844e-05,0.00022636520886453772,0.0010547172663854614,0.011757210479950767,0.00013387518500966613,0.014561461130780145
546,0.17738354440346749,6.122136667490241e-05,0.00023842464991494222,0.0010538446672305477,0.011735828415758308,0.00013406631748664105,0.01453676713358901
547,0.1773782102553294,6.161635401170076e-05,0.0002390551254284086,0.0010529164749629193,0.011714525109076288,0.00013425790290259317,0.014512161566693708
548,0.1773731755882766,6.21663478432907e-05,0.0002397319962634026,0.0010520025887882384,0.011693300411879144,0.00013445002329122853,0.014487643972927032
549,0.17736808855856112,7.15615803774282e-05,0.0002277685830474961,0.0010511010924371881,0.011672169977640048,0.0001346196933998763,0.014463213894962504
550,0.17736160300187742,6.29700955541255e-05,0.00023943793031760467,0.0010502604645062164,0.0116511006493604,0.0001348099261347542,0.01443887096677656
551,0.17735637155601447,6.716422899250123e-05,0.00024338300170486296,0.001049391531382158,0.011630115257294517,0.00013500661648904787,0.014414614663451569
552,0.17735099197750825,6.492761421664632e-05,0.00024048478943692903,0.0010483864418583165,0.011609201717252784,0.00013519735459564442,0.014390444268837475
553,0.17734558343002726,6.951701803245615e-05,0.00024500242122569725,0.0010475353259969294,0.011588371961478019,0.00013539555868703442,0.014366359595655452
554,0.1773400152642337,6.778902080331942e-05,0.00024200345485224215,0.0010465583859319727,0.011567614154377704,0.00013558764498643118,0.01434235995383613
555,0.177334379106179,6.319670998223415e-05,0.0002413345533204249,0.0010457278506354809,0.011546922756096418,0.00013577783726760744,0.014318445147895122
556,0.177328897724081,6.761707805575916e-05,0.00024590578375375345,0.0010448990161729126,0.011526313589708553,0.0001359755535090547,0.014294614723960253
557,0.17732326326692993,6.679464342985425e-05,0.00024511357808016467,0.001043947714408172,0.011505776817403394,0.00013617114136670904,0.014270868008889371
558,0.17731751776803328,7.065492712073296e-05,0.0002507145499763497,0.0010436665992690417,0.011485320427617556,0.00013637604907441858,0.014247205752342645
559,0.17731181558119458,6.85939525542787e-05,0.00024758549523592067,0.0010432796341463318,0.011464933416054944,0.00013657463737113556,0.014223627312845866
560,0.1773062354718573,7.003568562443699e-05,0.000249180816173827,0.0010430262231913656,0.01144462165539464,0.0001367753613975218,0.014200132480243986
561,0.17730050770522654,7.505998754523069e-05,0.0002555379010681316,0.0010427861931412757,0.011424391118619107,0.00013698668264248732,0.014176720832046295
562,0.1772945274457145,7.304676032866109e-05,0.00025201541160645396,0.0010424510802344588,0.011404228872867258,0.00013719099654828476,0.014153391756110573
563,0.17728846523587594,7.656303415605263e-05,0.0002585375075492,0.0010422322727284695,0.011384144358968834,0.00013740614993658427,0.01413014501943791
564,0.1772822295493639,7.058420011988399e-05,0.00025359244120164284,0.0010419313795111012,0.011364120358687687,0.00013761178939015073,0.014106980039544234
565,0.17727609652088505,6.31315249948711e-05,0.0002532257318936435,0.0010417222096241673,0.011344153947320738,0.00013781605430623464,0.014083896545145082
566,0.17727029970856467,6.875944327499899e-05,0.00026589988259036917,0.0010414520087880426,0.011324267889994381,0.00013804195171061585,0.014060893997461913
567,0.17726442377678175,6.688748901887863e-05,0.0002610557858469363,0.0010411905276327355,0.011304448558302522,0.0001382585253622643,0.014037971984310806
568,0.1772584005098572,6.894671681190534e-05,0.0002616671846486469,0.0010410165741302775,0.011284702509371958,0.00013847541228543896,0.014015130234908028
569,0.17725233647505556,6.695580158875558e-05,0.0002691658849294389,0.0010408360361459565,0.011265022251989882,0.00013870469381639335,0.013992368315261076
570,0.17724724096812183,6.242114670260707e-05,0.0002639924721452927,0.0010405683094767317,0.01124540298560584,0.0001389241119921007,0.013969685653254448
571,0.17724215882941818,6.67860099846697e-05,0.0002716506086806875,0.0010403445304691817,0.011225859948935175,0.00013915615132197584,0.013947081910032796
572,0.1772369100581983,6.5196541891104e-05,0.0002656643285340622,0.001040077502030065,0.011206382351366163,0.00013937693348115923,0.013924556596929824
573,0.17723146893553232,6.702623967581222e-05,0.0002667782100085775,0.0010398703432760038,0.011186975807617574,0.00013959888692458678,0.013902109408334608
574,0.17722626210149572,7.237140465867937e-05,0.00027492880952844723,0.001039672175574152,0.011167646060829818,0.00013983424331172393,0.013879739952277634
575,0.17722099247156065,7.197914621780464e-05,0.0002688881341356387,0.0010394406045206412,0.011148382750214172,0.00014005829520551548,0.01385744776591
576,0.1772152293007081,7.839715344435189e-05,0.0002777662816828691,0.0010392663264529838,0.011129197333235369,0.00014029695722714,0.013835232546777492
577,0.17720931888284186,7.928843592994013e-05,0.00027153608605044293,0.00103907456111815,0.011110079843793664,0.0001405240145434433,0.013813093865141403
578,0.17720315147314292,8.416942138502202e-05,0.000273354833067667,0.0010389570218126433,0.01109103682061161,0.00014075342873778567,0.013791031452631336
579,0.17719659520123576,9.018337698861334e-05,0.00027759649876291006,0.0010388660079779094,0.011072069831915707,0.00014098936506541518,0.01376904496048538
580,0.1771889852818489,9.260488519666668e-05,0.00027065723897015827,0.0010387029162576271,0.01105317230188693,0.00014121254557127532,0.013747133872629567
581,0.17718060540972536,9.468733522192705e-05,0.000278735055441738,0.0010385852237732502,0.011034343289916716,0.00014144883854356135,0.013725297878387546
582,0.17717215094054173,7.618234907354616e-05,0.00026956319438885696,0.0010384559378780005,0.011015547130498462,0.00014166858872511416,0.013703536571456997
583,0.17716399670243232,8.121546835748803e-05,0.0002699266952775889,0.001038298967958501,0.01099682395984411,0.00014188820877058072,0.013681849520766075
584,0.17715527307219192,9.041091230640763e-05,0.00027894496659511346,0.0010381681235733609,0.010978180518737208,0.00014212249382669105,0.013660236390172583
585,0.17714611205381092,0.00010298477249043314,0.0002698191846684082,0.0010380658594183654,0.010959622164221429,0.00014234040626840045,0.013638696850017713
586,0.17713529884420143,0.00010548622699518561,0.00027999303396546095,0.0010377192442125403,0.010941131302318146,0.0001425749081895198,0.01361723010792946
587,0.17712547415494928,0.00010908946914128361,0.0002723321581647671,0.00103765939683798,0.010922709462465804,0.00014279558378471583,0.013595836280189507
588,0.17711524955801172,0.00011263401939422057,0.0002677870527586671,0.0010376158627403522,0.010904356193462288,0.00014300779340945937,0.013574515023114042
589,0.17710405202676505,0.0001195158975869926,0.0002817552416899284,0.001037330938647682,0.010886076803130295,0.00014324295857603644,0.013553265558564098
590,0.17709263485047688,0.00011599362826898909,0.00026656003883201854,0.0010373267997235594,0.010867853312140682,0.00014345161691826314,0.013532087997212422
591,0.17708005184303266,9.47147213314203e-05,0.00027066755058632,0.0010368892293918543,0.01084965544289945,0.0001436665086981078,0.01351098124253705
592,0.17706896450095666,0.00010717010328824592,0.00025913424178120406,0.0010365851519257615,0.010831539953287965,0.000143861226629108,0.013489945161439898
593,0.1770562924346486,0.00011240562324884829,0.00026985324435932056,0.0010360335510653169,0.010813494272597663,0.00014407333440306458,0.013468978980277652
594,0.17704376023285318,0.00012810522092125218,0.00025907479027449296,0.0010358013821430924,0.010795535635536022,0.0001442666141608317,0.013448082883474063
595,0.17702888259483873,0.00013293736331224668,0.00026704605886648407,0.0010353540159457337,0.010777645369978599,0.00014447261994053915,0.013427256157186264
596,0.17701350555968842,0.0001481238992019005,0.00026790720905282795,0.0010352484605382947,0.010759840476392708,0.00014467937804625488,0.013406499025366085
597,0.17699803117595625,0.00017395047473949392,0.0002485751285642773,0.0010353237365422492,0.010742138319199308,0.00014485311675949573,0.01338581144127106
598,0.1769794500895343,0.00016015124843859061,0.000258777741146526,0.0010352513680754768,0.010724472230600374,0.0001450433081190734,0.013365192810097109
599,0.17696410824009767,0.00018260622332265947,0.0002476087476139052,0.001035431475302575,0.01070690245392158,0.00014521425051823144,0.013344643207872453
