iteration,time,cargo_id,strict_coverage,legacy_coverage,min_signed_clearance,max_penetration,agents_inside,contacts,net_force_x,net_force_y,net_torque
0,0.0000,cargo_0,0.000000,0.000000,3.220000,0.000000,0,0,0.000000,0.000000,0.000000
1,0.0500,cargo_0,0.000000,0.000000,3.205000,0.000000,0,0,0.000000,0.000000,0.000000
2,0.1000,cargo_0,0.000000,0.000000,3.190000,0.000000,0,0,0.000000,0.000000,0.000000
3,0.1500,cargo_0,0.000000,0.000000,3.175000,0.000000,0,0,0.000000,0.000000,0.000000
4,0.2000,cargo_0,0.000000,0.000000,3.160000,0.000000,0,0,0.000000,0.000000,0.000000
5,0.2500,cargo_0,0.000000,0.000000,3.145000,0.000000,0,0,0.000000,0.000000,0.000000
6,0.3000,cargo_0,0.000000,0.000000,3.130000,0.000000,0,0,0.000000,0.000000,0.000000
7,0.3500,cargo_0,0.000000,0.000000,3.115000,0.000000,0,0,0.000000,0.000000,0.000000
8,0.4000,cargo_0,0.000000,0.000000,3.100000,0.000000,0,0,0.000000,0.000000,0.000000
9,0.4500,cargo_0,0.000000,0.000000,3.085000,0.000000,0,0,0.000000,0.000000,0.000000
10,0.5000,cargo_0,0.000000,0.000000,3.070000,0.000000,0,0,0.000000,0.000000,0.000000
11,0.5500,cargo_0,0.000000,0.000000,3.055000,0.000000,0,0,0.000000,0.000000,0.000000
12,0.6000,cargo_0,0.000000,0.000000,3.040000,0.000000,0,0,0.000000,0.000000,0.000000
13,0.6500,cargo_0,0.000000,0.000000,3.025000,0.000000,0,0,0.000000,0.000000,0.000000
14,0.7000,cargo_0,0.000000,0.000000,3.010000,0.000000,0,0,0.000000,0.000000,0.000000
15,0.7500,cargo_0,0.000000,0.000000,2.995000,0.000000,0,0,0.000000,0.000000,0.000000
16,0.8000,cargo_0,0.000000,0.000000,2.980000,0.000000,0,0,0.000000,0.000000,0.000000
17,0.8500,cargo_0,0.000000,0.000000,2.965000,0.000000,0,0,0.000000,0.000000,0.000000
18,0.9000,cargo_0,0.000000,0.000000,2.950000,0.000000,0,0,0.000000,0.000000,0.000000
19,0.9500,cargo_0,0.000000,0.000000,2.935000,0.000000,0,0,0.000000,0.000000,0.000000
20,1.0000,cargo_0,0.000000,0.000000,2.920000,0.000000,0,0,0.000000,0.000000,0.000000
21,1.0500,cargo_0,0.000000,0.000000,2.905000,0.000000,0,0,0.000000,0.000000,0.000000
22,1.1000,cargo_0,0.000000,0.000000,2.890000,0.000000,0,0,0.000000,0.000000,0.000000
23,1.1500,cargo_0,0.000000,0.000000,2.875000,0.000000,0,0,0.000000,0.000000,0.000000
24,1.2000,cargo_0,0.000000,0.000000,2.860000,0.000000,0,0,0.000000,0.000000,0.000000
25,1.2500,cargo_0,0.000000,0.000000,2.845000,0.000000,0,0,0.000000,0.000000,0.000000
26,1.3000,cargo_0,0.000000,0.000000,2.830000,0.000000,0,0,0.000000,0.000000,0.000000
27,1.3500,cargo_0,0.000000,0.000000,2.815000,0.000000,0,0,0.000000,0.000000,0.000000
28,1.4000,cargo_0,0.000000,0.000000,2.800000,0.000000,0,0,0.000000,0.000000,0.000000
29,1.4500,cargo_0,0.000000,0.000000,2.785000,0.000000,0,0,0.000000,0.000000,0.000000
30,1.5000,cargo_0,0.000000,0.000000,2.770000,0.000000,0,0,0.000000,0.000000,0.000000
31,1.5500,cargo_0,0.000000,0.000000,2.755000,0.000000,0,0,0.000000,0.000000,0.000000
32,1.6000,cargo_0,0.000000,0.000000,2.740000,0.000000,0,0,0.000000,0.000000,0.000000
33,1.6500,cargo_0,0.000000,0.000000,2.725000,0.000000,0,0,0.000000,0.000000,0.000000
34,1.7000,cargo_0,0.000000,0.000000,2.710000,0.000000,0,0,0.000000,0.000000,0.000000
35,1.7500,cargo_0,0.000000,0.000000,2.695000,0.000000,0,0,0.000000,0.000000,0.000000
36,1.8000,cargo_0,0.000000,0.000000,2.680000,0.000000,0,0,0.000000,0.000000,0.000000
37,1.8500,cargo_0,0.000000,0.000000,2.665000,0.000000,0,0,0.000000,0.000000,0.000000
38,1.9000,cargo_0,0.000000,0.000000,2.650000,0.000000,0,0,0.000000,0.000000,0.000000
39,1.9500,cargo_0,0.000000,0.000000,2.635000,0.000000,0,0,0.000000,0.000000,0.000000
40,2.0000,cargo_0,0.000000,0.000000,2.620000,0.000000,0,0,0.000000,0.000000,0.000000
41,2.0500,cargo_0,0.000000,0.000000,2.605000,0.000000,0,0,0.000000,0.000000,0.000000
42,2.1000,cargo_0,0.000000,0.000000,2.590000,0.000000,0,0,0.000000,0.000000,0.000000
43,2.1500,cargo_0,0.000000,0.000000,2.575000,0.000000,0,0,0.000000,0.000000,0.000000
44,2.2000,cargo_0,0.000000,0.000000,2.560000,0.000000,0,0,0.000000,0.000000,0.000000
45,2.2500,cargo_0,0.000000,0.000000,2.545000,0.000000,0,0,0.000000,0.000000,0.000000
46,2.3000,cargo_0,0.000000,0.000000,2.530000,0.000000,0,0,0.000000,0.000000,0.000000
47,2.3500,cargo_0,0.000000,0.000000,2.515000,0.000000,0,0,0.000000,0.000000,0.000000
48,2.4000,cargo_0,0.000000,0.000000,2.500000,0.000000,0,0,0.000000,0.000000,0.000000
49,2.4500,cargo_0,0.000000,0.000000,2.485000,0.000000,0,0,0.000000,0.000000,0.000000
50,2.5000,cargo_0,0.000000,0.000000,2.470000,0.000000,0,0,0.000000,0.000000,0.000000
51,2.5500,cargo_0,0.000000,0.000000,2.455000,0.000000,0,0,0.000000,0.000000,0.000000
52,2.6000,cargo_0,0.000000,0.000000,2.440000,0.000000,0,0,0.000000,0.000000,0.000000
53,2.6500,cargo_0,0.000000,0.000000,2.425000,0.000000,0,0,0.000000,0.000000,0.000000
54,2.7000,cargo_0,0.000000,0.000000,2.410000,0.000000,0,0,0.000000,0.000000,0.000000
55,2.7500,cargo_0,0.000000,0.000000,2.395000,0.000000,0,0,0.000000,0.000000,0.000000
56,2.8000,cargo_0,0.000000,0.000000,2.380000,0.000000,0,0,0.000000,0.000000,0.000000
57,2.8500,cargo_0,0.000000,0.000000,2.365000,0.000000,0,0,0.000000,0.000000,0.000000
58,2.9000,cargo_0,0.000000,0.000000,2.350000,0.000000,0,0,0.000000,0.000000,0.000000
59,2.9500,cargo_0,0.000000,0.000000,2.335000,0.000000,0,0,0.000000,0.000000,0.000000
60,3.0000,cargo_0,0.000000,0.000000,2.320000,0.000000,0,0,0.000000,0.000000,0.000000
61,3.0500,cargo_0,0.000000,0.000000,2.305000,0.000000,0,0,0.000000,0.000000,0.000000
62,3.1000,cargo_0,0.000000,0.000000,2.290000,0.000000,0,0,0.000000,0.000000,0.000000
63,3.1500,cargo_0,0.000000,0.000000,2.275000,0.000000,0,0,0.000000,0.000000,0.000000
64,3.2000,cargo_0,0.000000,0.000000,2.260000,0.000000,0,0,0.000000,0.000000,0.000000
65,3.2500,cargo_0,0.000000,0.000000,2.245000,0.000000,0,0,0.000000,0.000000,0.000000
66,3.3000,cargo_0,0.000000,0.000000,2.230000,0.000000,0,0,0.000000,0.000000,0.000000
67,3.3500,cargo_0,0.000000,0.000000,2.215000,0.000000,0,0,0.000000,0.000000,0.000000
68,3.4000,cargo_0,0.000000,0.000000,2.200000,0.000000,0,0,0.000000,0.000000,0.000000
69,3.4500,cargo_0,0.000000,0.000000,2.185000,0.000000,0,0,0.000000,0.000000,0.000000
70,3.5000,cargo_0,0.000000,0.000000,2.170000,0.000000,0,0,0.000000,0.000000,0.000000
71,3.5500,cargo_0,0.000000,0.000000,2.155000,0.000000,0,0,0.000000,0.000000,0.000000
72,3.6000,cargo_0,0.000000,0.000000,2.140000,0.000000,0,0,0.000000,0.000000,0.000000
73,3.6500,cargo_0,0.000000,0.000000,2.125000,0.000000,0,0,0.000000,0.000000,0.000000
74,3.7000,cargo_0,0.000000,0.000000,2.110000,0.000000,0,0,0.000000,0.000000,0.000000
75,3.7500,cargo_0,0.000000,0.000000,2.095000,0.000000,0,0,0.000000,0.000000,0.000000
76,3.8000,cargo_0,0.000000,0.000000,2.080000,0.000000,0,0,0.000000,0.000000,0.000000
77,3.8500,cargo_0,0.000000,0.000000,2.065000,0.000000,0,0,0.000000,0.000000,0.000000
78,3.9000,cargo_0,0.000000,0.000000,2.050000,0.000000,0,0,0.000000,0.000000,0.000000
79,3.9500,cargo_0,0.000000,0.000000,2.035000,0.000000,0,0,0.000000,0.000000,0.000000
80,4.0000,cargo_0,0.000000,0.000000,2.020000,0.000000,0,0,0.000000,0.000000,0.000000
81,4.0500,cargo_0,0.000000,0.000000,2.005000,0.000000,0,0,0.000000,0.000000,0.000000
82,4.1000,cargo_0,0.000000,0.000000,1.990000,0.000000,0,0,0.000000,0.000000,0.000000
83,4.1500,cargo_0,0.000000,0.000000,1.975000,0.000000,0,0,0.000000,0.000000,0.000000
84,4.2000,cargo_0,0.000000,0.000000,1.960000,0.000000,0,0,0.000000,0.000000,0.000000
85,4.2500,cargo_0,0.000000,0.000000,1.945000,0.000000,0,0,0.000000,0.000000,0.000000
86,4.3000,cargo_0,0.000000,0.000000,1.930000,0.000000,0,0,0.000000,0.000000,0.000000
87,4.3500,cargo_0,0.000000,0.000000,1.915000,0.000000,0,0,0.000000,0.000000,0.000000
88,4.4000,cargo_0,0.000000,0.000000,1.900000,0.000000,0,0,0.000000,0.000000,0.000000
89,4.4500,cargo_0,0.000000,0.000000,1.885000,0.000000,0,0,0.000000,0.000000,0.000000
90,4.5000,cargo_0,0.000000,0.000000,1.870000,0.000000,0,0,0.000000,0.000000,0.000000
91,4.5500,cargo_0,0.000000,0.000000,1.855000,0.000000,0,0,0.000000,0.000000,0.000000
92,4.6000,cargo_0,0.000000,0.000000,1.840000,0.000000,0,0,0.000000,0.000000,0.000000
93,4.6500,cargo_0,0.000000,0.000000,1.825000,0.000000,0,0,0.000000,0.000000,0.000000
94,4.7000,cargo_0,0.000000,0.000000,1.810000,0.000000,0,0,0.000000,0.000000,0.000000
95,4.7500,cargo_0,0.000000,0.000000,1.795000,0.000000,0,0,0.000000,0.000000,0.000000
96,4.8000,cargo_0,0.000000,0.000000,1.780000,0.000000,0,0,0.000000,0.000000,0.000000
97,4.8500,cargo_0,0.000000,0.000000,1.765000,0.000000,0,0,0.000000,0.000000,0.000000
98,4.9000,cargo_0,0.000000,0.000000,1.750000,0.000000,0,0,0.000000,0.000000,0.000000
99,4.9500,cargo_0,0.000000,0.000000,1.735000,0.000000,0,0,0.000000,0.000000,0.000000
100,5.0000,cargo_0,0.000000,0.000000,1.720000,0.000000,0,0,0.000000,0.000000,0.000000
101,5.0500,cargo_0,0.000000,0.000000,1.705000,0.000000,0,0,0.000000,0.000000,0.000000
102,5.1000,cargo_0,0.000000,0.000000,1.690000,0.000000,0,0,0.000000,0.000000,0.000000
103,5.1500,cargo_0,0.000000,0.000000,1.675000,0.000000,0,0,0.000000,0.000000,0.000000
104,5.2000,cargo_0,0.000000,0.000000,1.660000,0.000000,0,0,0.000000,0.000000,0.000000
105,5.2500,cargo_0,0.000000,0.000000,1.645000,0.000000,0,0,0.000000,0.000000,0.000000
106,5.3000,cargo_0,0.000000,0.000000,1.630000,0.000000,0,0,0.000000,0.000000,0.000000
107,5.3500,cargo_0,0.000000,0.000000,1.615000,0.000000,0,0,0.000000,0.000000,0.000000
108,5.4000,cargo_0,0.000000,0.000000,1.600000,0.000000,0,0,0.000000,0.000000,0.000000
109,5.4500,cargo_0,0.000000,0.000000,1.585000,0.000000,0,0,0.000000,0.000000,0.000000
110,5.5000,cargo_0,0.000000,0.000000,1.570000,0.000000,0,0,0.000000,0.000000,0.000000
111,5.5500,cargo_0,0.000000,0.000000,1.555000,0.000000,0,0,0.000000,0.000000,0.000000
112,5.6000,cargo_0,0.000000,0.000000,1.540000,0.000000,0,0,0.000000,0.000000,0.000000
113,5.6500,cargo_0,0.000000,0.000000,1.525000,0.000000,0,0,0.000000,0.000000,0.000000
114,5.7000,cargo_0,0.000000,0.000000,1.510000,0.000000,0,0,0.000000,0.000000,0.000000
115,5.7500,cargo_0,0.000000,0.000000,1.495000,0.000000,0,0,0.000000,0.000000,0.000000
116,5.8000,cargo_0,0.000000,0.000000,1.480000,0.000000,0,0,0.000000,0.000000,0.000000
117,5.8500,cargo_0,0.000000,0.000000,1.465000,0.000000,0,0,0.000000,0.000000,0.000000
118,5.9000,cargo_0,0.000000,0.000000,1.450000,0.000000,0,0,0.000000,0.000000,0.000000
119,5.9500,cargo_0,0.000000,0.000000,1.435000,0.000000,0,0,0.000000,0.000000,0.000000
120,6.0000,cargo_0,0.000000,0.000000,1.420000,0.000000,0,0,0.000000,0.000000,0.000000
121,6.0500,cargo_0,0.000000,0.000000,1.405000,0.000000,0,0,0.000000,0.000000,0.000000
122,6.1000,cargo_0,0.000000,0.000000,1.390000,0.000000,0,0,0.000000,0.000000,0.000000
123,6.1500,cargo_0,0.000000,0.000000,1.375000,0.000000,0,0,0.000000,0.000000,0.000000
124,6.2000,cargo_0,0.000000,0.000000,1.360000,0.000000,0,0,0.000000,0.000000,0.000000
125,6.2500,cargo_0,0.000000,0.000000,1.345000,0.000000,0,0,0.000000,0.000000,0.000000
126,6.3000,cargo_0,0.000000,0.000000,1.330000,0.000000,0,0,0.000000,0.000000,0.000000
127,6.3500,cargo_0,0.000000,0.000000,1.315000,0.000000,0,0,0.000000,0.000000,0.000000
128,6.4000,cargo_0,0.000000,0.000000,1.300000,0.000000,0,0,0.000000,0.000000,0.000000
129,6.4500,cargo_0,0.000000,0.000000,1.285000,0.000000,0,0,0.000000,0.000000,0.000000
130,6.5000,cargo_0,0.000000,0.000000,1.270000,0.000000,0,0,0.000000,0.000000,0.000000
131,6.5500,cargo_0,0.000000,0.000000,1.255000,0.000000,0,0,0.000000,0.000000,0.000000
132,6.6000,cargo_0,0.000000,0.000000,1.240000,0.000000,0,0,0.000000,0.000000,0.000000
133,6.6500,cargo_0,0.000000,0.000000,1.225000,0.000000,0,0,0.000000,0.000000,0.000000
134,6.7000,cargo_0,0.000000,0.000000,1.210000,0.000000,0,0,0.000000,0.000000,0.000000
135,6.7500,cargo_0,0.000000,0.000000,1.195000,0.000000,0,0,0.000000,0.000000,0.000000
136,6.8000,cargo_0,0.000000,0.000000,1.180000,0.000000,0,0,0.000000,0.000000,0.000000
137,6.8500,cargo_0,0.000000,0.000000,1.165000,0.000000,0,0,0.000000,0.000000,0.000000
138,6.9000,cargo_0,0.000000,0.000000,1.150000,0.000000,0,0,0.000000,0.000000,0.000000
139,6.9500,cargo_0,0.000000,0.000000,1.135000,0.000000,0,0,0.000000,0.000000,0.000000
140,7.0000,cargo_0,0.000000,0.000000,1.120000,0.000000,0,0,0.000000,0.000000,0.000000
141,7.0500,cargo_0,0.000000,0.000000,1.105000,0.000000,0,0,0.000000,0.000000,0.000000
142,7.1000,cargo_0,0.000000,0.000000,1.090000,0.000000,0,0,0.000000,0.000000,0.000000
143,7.1500,cargo_0,0.000000,0.000000,1.075000,0.000000,0,0,0.000000,0.000000,0.000000
144,7.2000,cargo_0,0.000000,0.000000,1.060000,0.000000,0,0,0.000000,0.000000,0.000000
145,7.2500,cargo_0,0.000000,0.000000,1.045000,0.000000,0,0,0.000000,0.000000,0.000000
146,7.3000,cargo_0,0.000000,0.000000,1.030000,0.000000,0,0,0.000000,0.000000,0.000000
147,7.3500,cargo_0,0.000000,0.000000,1.015000,0.000000,0,0,0.000000,0.000000,0.000000
148,7.4000,cargo_0,0.000000,0.000000,1.000000,0.000000,0,0,0.000000,0.000000,0.000000
149,7.4500,cargo_0,0.000000,0.000000,0.985000,0.000000,0,0,0.000000,0.000000,0.000000
150,7.5000,cargo_0,0.000000,0.000000,0.970000,0.000000,0,0,0.000000,0.000000,0.000000
151,7.5500,cargo_0,0.000000,0.000000,0.955000,0.000000,0,0,0.000000,0.000000,0.000000
152,7.6000,cargo_0,0.000000,0.000000,0.940000,0.000000,0,0,0.000000,0.000000,0.000000
153,7.6500,cargo_0,0.000000,0.000000,0.925000,0.000000,0,0,0.000000,0.000000,0.000000
154,7.7000,cargo_0,0.000000,0.000000,0.910000,0.000000,0,0,0.000000,0.000000,0.000000
155,7.7500,cargo_0,0.000000,0.000000,0.895000,0.000000,0,0,0.000000,0.000000,0.000000
156,7.8000,cargo_0,0.000000,0.000000,0.880000,0.000000,0,0,0.000000,0.000000,0.000000
157,7.8500,cargo_0,0.000000,0.000000,0.865000,0.000000,0,0,0.000000,0.000000,0.000000
158,7.9000,cargo_0,0.000000,0.000000,0.850000,0.000000,0,0,0.000000,0.000000,0.000000
159,7.9500,cargo_0,0.000000,0.000000,0.835000,0.000000,0,0,0.000000,0.000000,0.000000
160,8.0000,cargo_0,0.000000,0.000000,0.820000,0.000000,0,0,0.000000,0.000000,0.000000
161,8.0500,cargo_0,0.000000,0.000000,0.805000,0.000000,0,0,0.000000,0.000000,0.000000
162,8.1000,cargo_0,0.000000,0.000000,0.790000,0.000000,0,0,0.000000,0.000000,0.000000
163,8.1500,cargo_0,0.000000,0.000000,0.775000,0.000000,0,0,0.000000,0.000000,0.000000
164,8.2000,cargo_0,0.000000,0.000000,0.760000,0.000000,0,0,0.000000,0.000000,0.000000
165,8.2500,cargo_0,0.000000,0.000000,0.745000,0.000000,0,0,0.000000,0.000000,0.000000
166,8.3000,cargo_0,0.000000,0.000000,0.730000,0.000000,0,0,0.000000,0.000000,0.000000
167,8.3500,cargo_0,0.000000,0.000000,0.715000,0.000000,0,0,0.000000,0.000000,0.000000
168,8.4000,cargo_0,0.000000,0.000000,0.700000,0.000000,0,0,0.000000,0.000000,0.000000
169,8.4500,cargo_0,0.000000,0.000000,0.685000,0.000000,0,0,0.000000,0.000000,0.000000
170,8.5000,cargo_0,0.000000,0.000000,0.670000,0.000000,0,0,0.000000,0.000000,0.000000
171,8.5500,cargo_0,0.000000,0.000000,0.655000,0.000000,0,0,0.000000,0.000000,0.000000
172,8.6000,cargo_0,0.000000,0.000000,0.640000,0.000000,0,0,0.000000,0.000000,0.000000
173,8.6500,cargo_0,0.000000,0.000000,0.625000,0.000000,0,0,0.000000,0.000000,0.000000
174,8.7000,cargo_0,0.000000,0.000000,0.610000,0.000000,0,0,0.000000,0.000000,0.000000
175,8.7500,cargo_0,0.000000,0.000000,0.595000,0.000000,0,0,0.000000,0.000000,0.000000
176,8.8000,cargo_0,0.000000,0.000000,0.580000,0.000000,0,0,0.000000,0.000000,0.000000
177,8.8500,cargo_0,0.000000,0.000000,0.565000,0.000000,0,0,0.000000,0.000000,0.000000
178,8.9000,cargo_0,0.000000,0.000000,0.550000,0.000000,0,0,0.000000,0.000000,0.000000
179,8.9500,cargo_0,0.000000,0.000000,0.535000,0.000000,0,0,0.000000,0.000000,0.000000
180,9.0000,cargo_0,0.000000,0.000000,0.520000,0.000000,0,0,0.000000,0.000000,0.000000
181,9.0500,cargo_0,0.000000,0.000000,0.505000,0.000000,0,0,0.000000,0.000000,0.000000
182,9.1000,cargo_0,0.083333,0.087500,0.490000,0.000000,0,0,0.000000,0.000000,0.000000
183,9.1500,cargo_0,0.127778,0.137500,0.475000,0.000000,0,0,0.000000,0.000000,0.000000
184,9.2000,cargo_0,0.161111,0.162500,0.460000,0.000000,0,0,0.000000,0.000000,0.000000
185,9.2500,cargo_0,0.183333,0.187500,0.445000,0.000000,0,0,0.000000,0.000000,0.000000
186,9.3000,cargo_0,0.216667,0.212500,0.430000,0.000000,0,0,0.000000,0.000000,0.000000
187,9.3500,cargo_0,0.275000,0.275000,0.415000,0.000000,0,0,0.000000,0.000000,0.000000
188,9.4000,cargo_0,0.375000,0.393750,0.400000,0.000000,0,0,0.000000,0.000000,0.000000
189,9.4500,cargo_0,0.438889,0.431250,0.385000,0.000000,0,0,0.000000,0.000000,0.000000
190,9.5000,cargo_0,0.483333,0.475000,0.370000,0.000000,0,0,0.000000,0.000000,0.000000
191,9.5500,cargo_0,0.505556,0.512500,0.355000,0.000000,0,0,0.000000,0.000000,0.000000
192,9.6000,cargo_0,0.533333,0.525000,0.340000,0.000000,0,0,0.000000,0.000000,0.000000
193,9.6500,cargo_0,0.555556,0.550000,0.325000,0.000000,0,0,0.000000,0.000000,0.000000
194,9.7000,cargo_0,0.575000,0.581250,0.310000,0.000000,0,0,0.000000,0.000000,0.000000
195,9.7500,cargo_0,0.594444,0.600000,0.295000,0.000000,0,0,0.000000,0.000000,0.000000
196,9.8000,cargo_0,0.616667,0.625000,0.280000,0.000000,0,0,0.000000,0.000000,0.000000
197,9.8500,cargo_0,0.638889,0.637500,0.265000,0.000000,0,0,0.000000,0.000000,0.000000
198,9.9000,cargo_0,0.655556,0.662500,0.250000,0.000000,0,0,0.000000,0.000000,0.000000
199,9.9500,cargo_0,0.672222,0.675000,0.235000,0.000000,0,0,0.000000,0.000000,0.000000
200,10.0000,cargo_0,0.691667,0.700000,0.220000,0.000000,0,0,0.000000,0.000000,0.000000
201,10.0500,cargo_0,0.708333,0.706250,0.205000,0.000000,0,0,0.000000,0.000000,0.000000
202,10.1000,cargo_0,0.725000,0.718750,0.184346,0.000000,0,0,0.000000,0.000000,0.000000
203,10.1500,cargo_0,0.730556,0.731250,0.163017,0.000000,0,0,0.000000,0.000000,0.000000
204,10.2000,cargo_0,0.733333,0.731250,0.154128,0.005872,0,2,3.943689,3.681111,1.996175
205,10.2500,cargo_0,0.736111,0.737500,0.146306,0.013694,0,3,5.138835,1.159823,-0.795858
206,10.3000,cargo_0,0.736111,0.737500,0.146631,0.013369,0,3,-2.480481,0.670076,-0.117295
207,10.3500,cargo_0,0.736111,0.737500,0.146958,0.013042,0,3,-0.415314,1.185096,-0.768289
208,10.4000,cargo_0,0.736111,0.737500,0.146028,0.013972,0,3,7.973638,3.121028,-0.027366
209,10.4500,cargo_0,0.736111,0.737500,0.146440,0.013560,0,3,-2.941121,0.098411,0.222710
210,10.5000,cargo_0,0.736111,0.737500,0.146955,0.013045,0,3,0.139475,1.220231,0.533670
211,10.5500,cargo_0,0.733333,0.737500,0.146046,0.013954,0,3,8.255873,2.458818,0.917656
212,10.6000,cargo_0,0.733333,0.737500,0.146581,0.013419,0,3,-2.379673,-0.117217,0.243280
213,10.6500,cargo_0,0.733333,0.737500,0.147505,0.012495,0,4,-0.225567,2.954031,0.179148
214,10.7000,cargo_0,0.733333,0.731250,0.147278,0.012722,0,4,8.155398,5.637671,2.063201
215,10.7500,cargo_0,0.733333,0.731250,0.148165,0.011835,0,3,-1.565599,-2.563126,-0.233879
216,10.8000,cargo_0,0.733333,0.731250,0.148755,0.011245,0,3,1.875573,1.339094,0.461343
217,10.8500,cargo_0,0.752778,0.756250,0.149938,0.010062,0,3,3.015301,1.779948,0.959545
218,10.9000,cargo_0,0.797222,0.800000,0.150153,0.009847,0,2,0.741690,-2.303588,0.891923
219,10.9500,cargo_0,0.847222,0.850000,0.149751,0.010249,0,2,2.158793,0.388188,0.326487
220,11.0000,cargo_0,0.855556,0.856250,0.149648,0.010352,0,2,1.329360,-0.431275,-0.003844
221,11.0500,cargo_0,0.863889,0.862500,0.149831,0.010169,0,2,2.513001,1.488408,0.979852
222,11.1000,cargo_0,0.869444,0.868750,0.150031,0.009969,0,2,1.905274,0.763483,1.166886
223,11.1500,cargo_0,0.905556,0.906250,0.149844,0.010156,0,2,1.362319,0.002943,1.175949
224,11.2000,cargo_0,0.933333,0.931250,0.149831,0.010169,0,2,2.204162,0.577898,1.589095
225,11.2500,cargo_0,0.944444,0.943750,0.149913,0.010087,0,2,1.994591,-0.436561,2.236847
226,11.3000,cargo_0,0.952778,0.956250,0.149720,0.010280,0,2,1.249701,0.025030,1.976858
227,11.3500,cargo_0,0.961111,0.962500,0.149718,0.010282,0,2,2.296047,-0.191473,2.017829
228,11.4000,cargo_0,0.969444,0.968750,0.149870,0.010130,0,2,1.960674,-0.435872,2.241213
229,11.4500,cargo_0,0.975000,0.975000,0.149683,0.010317,0,2,1.143283,0.134008,1.676900
230,11.5000,cargo_0,0.980556,0.981250,0.149694,0.010306,0,2,2.332532,-0.459431,2.161538
231,11.5500,cargo_0,0.986111,0.987500,0.149878,0.010122,0,2,1.924596,0.089278,1.933563
232,11.6000,cargo_0,0.988889,0.987500,0.149672,0.010328,0,2,1.020397,0.192510,1.683432
233,11.6500,cargo_0,0.991667,0.993750,0.149680,0.010320,0,2,2.331002,-0.089166,1.934277
234,11.7000,cargo_0,0.997222,1.000000,0.149884,0.010116,0,2,1.886178,0.062144,1.947811
235,11.7500,cargo_0,1.000000,1.000000,0.149673,0.010327,0,2,0.839292,0.092035,1.354764
236,11.8000,cargo_0,1.000000,1.000000,0.149703,0.010297,0,2,2.287652,0.198514,1.760555
237,11.8500,cargo_0,1.000000,1.000000,0.149910,0.010090,0,2,1.825522,0.251304,1.834135
238,11.9000,cargo_0,1.000000,1.000000,0.149670,0.010330,0,2,0.939043,0.097557,1.147015
239,11.9500,cargo_0,1.000000,1.000000,0.149764,0.010236,0,2,2.414645,0.908701,0.623518
240,12.0000,cargo_0,1.000000,1.000000,0.149969,0.010031,0,2,1.802370,0.279170,0.606444
241,12.0500,cargo_0,1.000000,1.000000,0.149698,0.010302,0,2,0.789921,-0.103130,0.276309
242,12.1000,cargo_0,1.000000,1.000000,0.149716,0.010284,0,2,2.244045,0.827718,0.531898
243,12.1500,cargo_0,1.000000,1.000000,0.149885,0.010115,0,2,1.777556,0.286840,0.522823
244,12.2000,cargo_0,1.000000,1.000000,0.149666,0.010334,0,2,0.778072,-0.109814,0.258771
245,12.2500,cargo_0,1.000000,1.000000,0.149562,0.010438,0,3,2.356416,1.666738,0.739735
246,12.3000,cargo_0,1.000000,1.000000,0.149549,0.010451,0,3,2.128914,1.529045,0.797606
247,12.3500,cargo_0,1.000000,1.000000,0.149871,0.010129,0,3,0.750085,1.386133,0.501004
248,12.4000,cargo_0,1.000000,1.000000,0.149693,0.010307,0,3,2.273910,2.838200,1.160369
249,12.4500,cargo_0,1.000000,1.000000,0.149762,0.010238,0,3,2.443490,2.035880,3.026228
250,12.5000,cargo_0,1.000000,1.000000,0.149520,0.010480,0,3,-0.494087,1.434040,-0.107132
251,12.5500,cargo_0,1.000000,1.000000,0.148973,0.011027,0,3,1.361465,2.707156,0.584331
252,12.6000,cargo_0,1.000000,1.000000,0.148701,0.011299,0,3,1.797444,3.989022,0.648349
253,12.6500,cargo_0,1.000000,1.000000,0.149134,0.010866,0,3,-2.162716,-0.328383,-0.721521
254,12.7000,cargo_0,1.000000,1.000000,0.148624,0.011376,0,3,-0.206454,2.714555,-2.000847
255,12.7500,cargo_0,1.000000,1.000000,0.148155,0.011845,0,3,0.806798,0.756598,0.068269
256,12.8000,cargo_0,1.000000,1.000000,0.149216,0.010784,0,3,-2.637499,0.113236,-0.942383
257,12.8500,cargo_0,1.000000,1.000000,0.148537,0.011463,0,3,0.850134,1.604470,0.671379
258,12.9000,cargo_0,1.000000,1.000000,0.148118,0.011882,0,3,1.227413,2.712581,0.918576
259,12.9500,cargo_0,1.000000,1.000000,0.149181,0.010819,0,3,-2.893736,0.948091,-0.929826
260,13.0000,cargo_0,1.000000,1.000000,0.148848,0.011152,0,4,1.250015,1.252782,0.356012
261,13.0500,cargo_0,1.000000,1.000000,0.148415,0.011585,0,5,1.359899,-1.361057,-0.454172
262,13.1000,cargo_0,1.000000,1.000000,0.149276,0.010724,0,5,-1.118091,-2.770939,-1.387830
263,13.1500,cargo_0,1.000000,1.000000,0.148796,0.011204,0,5,0.177085,-0.792981,-5.302056
264,13.2000,cargo_0,1.000000,1.000000,0.148331,0.011669,0,5,-0.007044,0.894982,-5.126351
265,13.2500,cargo_0,1.000000,1.000000,0.148573,0.011427,0,5,-1.718558,-4.014129,-5.301099
266,13.3000,cargo_0,1.000000,1.000000,0.148258,0.011742,0,5,0.679704,1.671404,-4.926986
267,13.3500,cargo_0,1.000000,1.000000,0.147795,0.012205,0,5,0.478415,1.268836,-4.979621
268,13.4000,cargo_0,1.000000,1.000000,0.148905,0.011095,0,5,-1.818005,-2.764753,-4.085408
269,13.4500,cargo_0,1.000000,1.000000,0.148829,0.011171,0,5,0.286838,1.772198,-3.331780
270,13.5000,cargo_0,1.000000,1.000000,0.148863,0.011137,0,5,0.154410,-0.808386,-5.079743
271,13.5500,cargo_0,1.000000,1.000000,0.148723,0.011277,0,5,-1.727470,-4.938273,-5.384254
272,13.6000,cargo_0,1.000000,1.000000,0.148669,0.011331,0,5,0.610945,-0.125086,-5.049409
273,13.6500,cargo_0,1.000000,1.000000,0.148816,0.011184,0,5,-0.076638,-0.855213,-5.115976
274,13.7000,cargo_0,1.000000,1.000000,0.149094,0.010906,0,5,-1.859534,-4.974747,-5.329523
275,13.7500,cargo_0,1.000000,1.000000,0.149122,0.010878,0,5,-0.922913,0.899567,-3.354018
276,13.8000,cargo_0,1.000000,1.000000,0.148870,0.011130,0,5,-0.466654,-0.004439,-4.437240
277,13.8500,cargo_0,1.000000,1.000000,0.149248,0.010752,0,5,-1.843933,-5.344396,-5.436010
278,13.9000,cargo_0,1.000000,1.000000,0.149485,0.010515,0,5,-0.745770,-1.293164,-4.231175
279,13.9500,cargo_0,1.000000,1.000000,0.149569,0.010431,0,5,-0.545487,-1.696831,-4.818694
280,14.0000,cargo_0,1.000000,1.000000,0.149722,0.010278,0,6,-2.199149,-2.563453,-4.728194
281,14.0500,cargo_0,1.000000,1.000000,0.150332,0.009668,0,6,-0.248652,-0.694575,-5.742022
282,14.1000,cargo_0,1.000000,1.000000,0.150493,0.009507,0,6,-1.085181,-1.013674,-5.547977
283,14.1500,cargo_0,1.000000,1.000000,0.160082,0.000000,0,0,0.000000,0.000000,0.000000
284,14.2000,cargo_0,1.000000,1.000000,0.166268,0.000000,0,0,0.000000,0.000000,0.000000
285,14.2500,cargo_0,1.000000,1.000000,0.160484,0.000000,0,0,0.000000,0.000000,0.000000
286,14.3000,cargo_0,1.000000,1.000000,0.163332,0.000000,0,1,-4.670068,-4.777910,1.224981
287,14.3500,cargo_0,1.000000,1.000000,0.162030,0.000000,0,2,-6.305043,-1.317219,1.620478
288,14.4000,cargo_0,1.000000,1.000000,0.161213,0.000000,0,2,1.158985,-1.894779,-0.515886
289,14.4500,cargo_0,1.000000,1.000000,0.160436,0.000000,0,3,-6.170781,-11.585211,-0.826097
290,14.5000,cargo_0,1.000000,1.000000,0.158863,0.001137,0,0,0.000000,0.000000,0.000000
291,14.5500,cargo_0,1.000000,1.000000,0.153941,0.006059,0,0,0.000000,0.000000,0.000000
292,14.6000,cargo_0,1.000000,1.000000,0.158903,0.001097,0,0,0.000000,0.000000,0.000000
293,14.6500,cargo_0,1.000000,1.000000,0.152015,0.007985,0,2,1.700305,-14.799700,-2.757965
294,14.7000,cargo_0,1.000000,1.000000,0.155608,0.004392,0,2,-4.898267,4.409824,0.905023
295,14.7500,cargo_0,1.000000,1.000000,0.153550,0.006450,0,3,-3.175182,-11.597930,-2.854257
296,14.8000,cargo_0,1.000000,1.000000,0.153861,0.006139,0,2,3.542168,1.263046,-0.335327
297,14.8500,cargo_0,1.000000,1.000000,0.153914,0.006086,0,2,1.344302,-3.432809,0.714070
298,14.9000,cargo_0,1.000000,1.000000,0.154357,0.005643,0,3,-14.174358,-3.986087,2.309234
299,14.9500,cargo_0,1.000000,1.000000,0.157198,0.002802,0,1,0.023280,1.399097,0.280552
300,15.0000,cargo_0,1.000000,1.000000,0.155816,0.004184,0,1,2.551040,-5.283066,-1.122490
301,15.0500,cargo_0,1.000000,1.000000,0.150260,0.009740,0,5,-5.232913,-13.819133,-0.378776
302,15.1000,cargo_0,1.000000,1.000000,0.153193,0.006807,0,3,-2.553411,2.247501,-0.766484
303,15.1500,cargo_0,1.000000,1.000000,0.154651,0.005349,0,2,2.446636,-3.586247,0.409610
304,15.2000,cargo_0,1.000000,1.000000,0.151670,0.008330,0,4,-12.212574,-10.494180,3.286914
305,15.2500,cargo_0,1.000000,1.000000,0.153115,0.006885,0,2,1.113523,0.276485,-0.031904
306,15.3000,cargo_0,1.000000,1.000000,0.156804,0.003196,0,2,0.304921,-0.471632,-0.210935
307,15.3500,cargo_0,1.000000,1.000000,0.154495,0.005505,0,2,-3.068313,-9.047654,-1.510839
308,15.4000,cargo_0,1.000000,1.000000,0.154425,0.005575,0,2,-0.342587,-1.440295,-0.319227
309,15.4500,cargo_0,1.000000,1.000000,0.156398,0.003602,0,3,1.156445,-1.627980,-0.549756
310,15.5000,cargo_0,1.000000,1.000000,0.159023,0.000977,0,0,0.000000,0.000000,0.000000
311,15.5500,cargo_0,1.000000,1.000000,0.158900,0.001100,0,1,-3.472463,0.054553,0.672581
312,15.6000,cargo_0,1.000000,1.000000,0.159631,0.000369,0,1,-3.622462,-1.009387,0.117523
313,15.6500,cargo_0,1.000000,1.000000,0.160544,0.000000,0,1,0.068234,4.393715,0.949725
314,15.7000,cargo_0,1.000000,1.000000,0.163413,0.000000,0,0,0.000000,0.000000,0.000000
315,15.7500,cargo_0,1.000000,1.000000,0.160405,0.000000,0,1,-0.170338,4.570298,0.877273
316,15.8000,cargo_0,1.000000,1.000000,0.162413,0.000000,0,0,0.000000,0.000000,0.000000
317,15.8500,cargo_0,1.000000,1.000000,0.161339,0.000000,0,0,0.000000,0.000000,0.000000
318,15.9000,cargo_0,1.000000,1.000000,0.162288,0.000000,0,0,0.000000,0.000000,0.000000
319,15.9500,cargo_0,1.000000,1.000000,0.160588,0.000000,0,0,0.000000,0.000000,0.000000
320,16.0000,cargo_0,1.000000,1.000000,0.158622,0.001378,0,1,0.491141,2.064515,-0.441459
321,16.0500,cargo_0,1.000000,1.000000,0.160218,0.000000,0,2,-0.727822,2.549727,-0.190762
322,16.1000,cargo_0,1.000000,1.000000,0.163736,0.000000,0,0,0.000000,0.000000,0.000000
323,16.1500,cargo_0,1.000000,1.000000,0.161161,0.000000,0,0,0.000000,0.000000,0.000000
324,16.2000,cargo_0,1.000000,1.000000,0.158681,0.001319,0,1,-0.144112,3.673045,-0.328502
325,16.2500,cargo_0,1.000000,1.000000,0.166525,0.000000,0,0,0.000000,0.000000,0.000000
326,16.3000,cargo_0,1.000000,1.000000,0.162450,0.000000,0,0,0.000000,0.000000,0.000000
327,16.3500,cargo_0,1.000000,1.000000,0.159185,0.000815,0,1,0.033910,2.644816,0.591644
328,16.4000,cargo_0,1.000000,1.000000,0.162496,0.000000,0,0,0.000000,0.000000,0.000000
329,16.4500,cargo_0,1.000000,1.000000,0.164670,0.000000,0,0,0.000000,0.000000,0.000000
330,16.5000,cargo_0,1.000000,1.000000,0.166321,0.000000,0,0,0.000000,0.000000,0.000000
331,16.5500,cargo_0,1.000000,1.000000,0.167567,0.000000,0,0,0.000000,0.000000,0.000000
332,16.6000,cargo_0,1.000000,1.000000,0.163894,0.000000,0,0,0.000000,0.000000,0.000000
333,16.6500,cargo_0,1.000000,1.000000,0.159703,0.000297,0,1,0.618036,-1.192532,0.265274
334,16.7000,cargo_0,1.000000,1.000000,0.167282,0.000000,0,0,0.000000,0.000000,0.000000
335,16.7500,cargo_0,1.000000,1.000000,0.169460,0.000000,0,0,0.000000,0.000000,0.000000
336,16.8000,cargo_0,1.000000,1.000000,0.165152,0.000000,0,0,0.000000,0.000000,0.000000
