alpha,seed,diameter_m,target_distance_m,sampler_attempts,goal_angle_deg,success,failure_reasons,J,J_over_diameter,J_over_target,efficiency,direction_error_deg,max_cross_track,max_cross_track_over_diameter,implied_direction_gate_deg,rotation_deg,max_strict_coverage,final_strict_coverage,min_inter_agent_distance,d_min,min_signed_clearance,max_penetration,penetration_budget,barrier_scalings,margin_relaxations,solver_fallbacks,solver_infeasible,solves,first_detection_frame,contact_ready_frame,transport_frame,brake_frame,hold_frame,final_phase,frames_run,terminated_by,settled,completion_time_s,fps
0.2,0,2.5455844122715714,0.5091168824543143,1,213.89921974319353,True,,0.6683637381363744,0.26255807307523343,1.3127903653761672,0.9503275838607844,18.13466663094089,0.21914515786593367,0.08608834843955453,12.969285523024897,-0.004273012156624079,1.0,1.0,0.2804018159072692,0.28,0.07008366037832378,0.05991633962167622,0.10415473839639403,0,0,0,0,3360,0,123,124,138,152,HOLD,210,settled,True,10.5,18.897434068606998
0.2,1,2.5455844122715714,0.5091168824543143,1,67.05487627201978,True,,0.6893237984988853,0.2707919624176839,1.3539598120884193,0.9826182726868915,10.698309957936347,0.13022802522546253,0.05115839985414295,12.568375967186194,0.0,0.9,0.9,0.3071701062567728,0.28,0.09433056888803026,0.03566943111196974,0.10167710954851794,0,0,0,0,2512,0,67,72,103,117,HOLD,157,settled,True,7.8500000000000005,19.992939054238743
0.2,2,2.5455844122715714,0.5091168824543143,1,78.6348106982665,False,"G500: 3 scaled-barrier event(s), smallest factor 0.676; the contract allows 0",0.6067580944275976,0.23835709061643431,1.1917854530821717,0.9964692022945806,4.816171181770496,0.05319274029378322,0.02089608187312723,14.312800228715043,0.0,1.0,1.0,0.28011723030242597,0.28,0.08856130640713289,0.041438693592867115,0.092329341406721,3,0,0,0,5920,0,81,146,183,287,HOLD,370,settled,True,18.5,20.401788522240494
0.2,3,2.5455844122715714,0.5091168824543143,1,30.576349067927193,False,"G500: 28 scaled-barrier event(s), smallest factor 0.211; the contract allows 0",0.67615453622316,0.2656185876074675,1.3280929380373374,0.9989524163399895,2.6228285882131335,0.04485462544221383,0.017620561009873355,12.817291243645233,0.0,0.96875,0.9625,0.2826130913139887,0.28,0.07981947047163196,0.050180529528368045,0.09658602464782512,28,0,0,0,4848,0,77,78,137,162,HOLD,303,settled,True,15.15,21.530248101362453
0.2,4,2.5455844122715714,0.5091168824543143,1,157.4812119101344,True,,0.647242802333647,0.25426098589128104,1.2713049294564052,0.9987507372192603,2.8642422954111386,0.0632319466292307,0.024839854582863825,13.400258214044511,-0.1702820056863433,0.99375,0.99375,0.30857863082900405,0.28,0.07898827272731729,0.051011727272682716,0.09971978932226905,0,0,0,0,3216,0,82,118,146,160,HOLD,201,settled,True,10.05,22.739910038878513
0.2,5,2.5455844122715714,0.5091168824543143,1,96.09942625178446,True,,0.711143237305229,0.27936344749637865,1.396817237481893,0.9990091607575777,2.5507922905697815,0.03869806106328744,0.015202034109234245,12.176739239008162,0.032720162551813245,1.0,1.0,0.28067837550651015,0.28,0.07281541440004416,0.057184585599955845,0.09170737213253731,0,0,0,0,5984,0,73,223,301,334,HOLD,374,settled,True,18.7,21.12942111668418
0.2,6,2.5455844122715714,0.5091168824543143,1,275.9430288965318,True,,0.6251157512001122,0.24556865927784555,1.2278432963892276,0.9993136260202354,2.1229652218114468,0.027311924020827896,0.0107291370457662,13.883917480111249,0.0,1.0,1.0,0.2805265556863271,0.28,0.09789385526827576,0.03210614473172424,0.09524283142711752,0,0,0,0,6144,0,148,297,322,344,HOLD,384,settled,True,19.200000000000003,21.245953683223355
0.2,7,2.5455844122715714,0.5091168824543143,1,201.32050447239965,True,,0.66074364096407,0.25956461619532406,1.2978230809766202,0.9875695454739667,9.043406165719986,0.10516469697621425,0.04131259465183861,13.121509937351986,0.02158473993833721,0.975,0.975,0.28000884850525454,0.28,0.08366917888693515,0.04633082111306486,0.09998242324913467,0,0,0,0,2944,0,72,109,129,143,HOLD,184,settled,True,9.200000000000001,21.0189435513427
0.2,8,2.5455844122715714,0.5091168824543143,1,357.6946179453914,True,,0.5583961644274809,0.2193587302529056,1.096793651264528,0.9965661092142046,4.749580188663444,0.04681788182700196,0.018391800955924173,15.58255116536269,0.0,1.0,1.0,0.294058232265334,0.28,0.0954974199844898,0.03450258001551021,0.09279845097040748,0,0,0,0,4288,0,89,221,221,228,HOLD,268,settled,True,13.4,19.267531282272927
0.2,9,2.5455844122715714,0.5091168824543143,1,55.21178356827038,False,"G500: 6 scaled-barrier event(s), smallest factor 0.832; the contract allows 0",0.6507345840484737,0.25563268729626837,1.278163436481342,0.9829635424635256,10.591214960342942,0.12167840000680047,0.04779978987152103,13.32702442020019,0.0,1.0,1.0,0.28073092871211786,0.28,0.08438083835734789,0.04561916164265212,0.0965665306766473,6,0,0,0,3904,0,70,71,120,203,HOLD,244,settled,True,12.200000000000001,20.797826265749382
0.2,10,2.5455844122715714,0.5091168824543143,1,2.949873175959752,True,,0.5787211392612464,0.2273431344375731,1.1367156721878655,0.9981555891546182,3.480432680321019,0.03519772453902606,0.013826972057711929,15.02213501844502,0.0,1.0,1.0,0.28699240371578816,0.28,0.09562518112073626,0.03437481887926375,0.09412919524382102,0,0,0,0,4288,0,69,211,211,228,HOLD,268,settled,True,13.4,20.726734051549272
0.2,11,2.5455844122715714,0.5091168824543143,1,35.98273540288894,True,,0.6611669825272836,0.25973092046760543,1.298654602338027,0.9961541366085036,5.02659438469626,0.05815386422980939,0.022844995416166677,13.112958426910287,-0.19743135993145314,0.975,0.975,0.29319798416759985,0.28,0.08523057075517697,0.044769429244823036,0.09768185830645212,0,0,0,0,3088,0,76,77,132,152,HOLD,193,settled,True,9.65,19.73912566964741
0.4,0,2.5455844122715714,1.0182337649086286,1,213.89921974319353,True,,1.346215009571155,0.5288432012238203,1.3221080030595507,0.984394482906465,10.135451911339487,0.3404409028831905,0.13373781723443046,6.397381117572416,-0.023071859196810963,1.0,1.0,0.2959161371533816,0.28,0.07008366037832378,0.05991633962167622,0.10415473839639403,0,0,0,0,3760,0,123,124,165,194,HOLD,235,settled,True,11.75,20.488318049281588
0.4,1,2.5455844122715714,1.0182337649086286,1,67.05487627201978,False,"G500: 10 scaled-barrier event(s), smallest factor 0.438; the contract allows 0",1.3315978466095615,0.523101037306125,1.3077525932653125,0.985714485760239,9.696253000947374,0.22752456174810481,0.08938008916587903,6.467904372290209,0.0,0.8625,0.8625,0.2820756301037018,0.28,0.09312712255762134,0.03687287744237866,0.10167710954851794,10,0,0,0,3264,0,67,72,132,163,HOLD,204,settled,True,10.200000000000001,20.61717388754872
0.4,2,2.5455844122715714,1.0182337649086286,1,78.6348106982665,False,"G500: 3 scaled-barrier event(s), smallest factor 0.676; the contract allows 0",1.1721317179716533,0.4604568256786632,1.1511420641966579,0.9990670565969413,2.475135900496053,0.07640668206340334,0.030015379452776138,7.352415643573652,0.0,1.0,1.0,0.28011723030242597,0.28,0.09606842896755838,0.033931571032441626,0.09383399742929004,3,0,0,0,6112,0,81,146,264,342,HOLD,382,settled,True,19.1,19.56933097114132
0.4,3,2.5455844122715714,1.0182337649086286,1,30.576349067927193,False,"G500: 27 scaled-barrier event(s), smallest factor 0.211; the contract allows 0",1.3304798836998664,0.5226618599980358,1.3066546499950895,0.9918386274762765,7.3251250633941645,0.17103144717908758,0.06718749783137869,6.473362394586931,0.0,0.925,0.91875,0.2826130913139887,0.28,0.07714394082985088,0.05285605917014913,0.09964439526649198,27,0,0,0,3984,0,77,78,175,208,HOLD,249,settled,True,12.450000000000001,19.585176676659202
0.4,4,2.5455844122715714,1.0182337649086286,1,157.4812119101344,True,,1.2690761215170856,0.4985401840925856,1.2463504602314641,0.9921779873398113,7.171010896527404,0.15966929619762715,0.06272402338256976,6.788012702107442,-0.1702820056863433,0.9875,0.9875,0.2800244140745995,0.28,0.07710088030603873,0.05289911969396127,0.09973895424328047,0,0,0,0,3888,0,82,118,172,202,HOLD,243,settled,True,12.15,20.84469176027773
0.4,5,2.5455844122715714,1.0182337649086286,1,96.09942625178446,True,,1.3102631519018653,0.5147199776937046,1.2867999442342613,0.9990154937980839,2.542626068418864,0.05818400503807811,0.022856835843898485,6.573680454798278,0.032720162551813245,1.0,1.0,0.28067837550651015,0.28,0.07281541440004416,0.057184585599955845,0.09672894564952028,0,0,0,0,7584,0,73,223,358,393,HOLD,474,settled,True,23.700000000000003,20.23479499873124
0.4,6,2.5455844122715714,1.0182337649086286,1,275.9430288965318,True,,1.2367587119303765,0.4858447066097272,1.214611766524318,0.9999623620287735,0.4971095372881105,0.027275310474909314,0.010714753886542692,6.966256288502768,0.0,1.0,1.0,0.2805265556863271,0.28,0.09789385526827576,0.03210614473172424,0.09668513624373137,0,0,0,0,6880,0,148,297,358,390,HOLD,430,settled,True,21.5,20.782990265050174
0.4,7,2.5455844122715714,1.0182337649086286,1,201.32050447239965,True,,1.3086388160960694,0.5140818783252588,1.285204695813147,0.992496731564069,7.02319616541748,0.16121845821353176,0.06333259169734907,6.58187603451478,0.02158473993833721,0.975,0.975,0.2826838823451889,0.28,0.08366917888693515,0.04633082111306486,0.09998242324913467,0,0,0,0,4080,0,72,109,153,181,HOLD,255,settled,True,12.75,18.63086697599705
0.4,8,2.5455844122715714,1.0182337649086286,1,357.6946179453914,True,,1.1323000424137597,0.44480946573810265,1.1120236643452566,0.99828129139016,3.3597037048154084,0.07081001129358225,0.027816799534215564,7.612562677616135,0.0,1.0,0.96875,0.28801295198752946,0.28,0.0954974199844898,0.03450258001551021,0.09663794800915851,0,0,0,0,5584,0,89,285,285,309,HOLD,349,settled,True,17.45,18.46073912821788
0.4,9,2.5455844122715714,1.0182337649086286,1,55.21178356827038,False,"G500: 9 scaled-barrier event(s), smallest factor 0.832; the contract allows 0",1.3006436341208172,0.510941074218858,1.277352685547145,0.9857675665533575,9.678178979950218,0.2410857877775845,0.09470744188068381,6.622516045164754,-0.21388164460586548,1.0,1.0,0.2803562643397952,0.28,0.0788467328246516,0.051153267175348405,0.09832446483397692,9,0,0,0,4848,0,70,71,172,225,HOLD,303,settled,True,15.15,17.2322727004074
0.4,10,2.5455844122715714,1.0182337649086286,1,2.949873175959752,True,,1.1498993015683723,0.45172310767815044,1.129307769195376,0.9992849838848886,2.1668129673705843,0.043815515057288285,0.017212359898994344,7.495377547403145,0.0,1.0,0.99375,0.28172523257427584,0.28,0.09655752912920512,0.03344247087079488,0.09782769884565441,0,0,0,0,4816,0,69,205,230,260,HOLD,301,settled,True,15.05,20.525241614824363
0.4,11,2.5455844122715714,1.0182337649086286,1,35.98273540288894,True,,1.2972278908188213,0.5095992435235059,1.2739981088087649,0.9833547339028019,10.46856756823775,0.2396909487614518,0.09415949736569992,6.640032239939734,-0.7092722731426946,1.0,1.0,0.29319798416759985,0.28,0.08388759730013248,0.04611240269986752,0.09862527433899483,0,0,0,0,3984,0,76,77,168,208,HOLD,249,settled,True,12.450000000000001,21.776767320227698
0.6,0,2.5455844122715714,1.5273506473629428,1,213.89921974319353,True,,2.0867005994639682,0.8197334134372253,1.366222355728709,0.9954117698544436,5.49068363050609,0.3404409028831905,0.13373781723443046,4.122194521119675,-0.0246685035487479,0.99375,0.99375,0.2959161371533816,0.28,0.07008366037832378,0.05991633962167622,0.10466012990411254,0,0,0,0,4416,0,123,124,192,235,HOLD,276,settled,True,13.8,20.8356351929098
0.6,1,2.5455844122715714,1.5273506473629428,1,67.05487627201978,False,"G500: 11 scaled-barrier event(s), smallest factor 0.062; the contract allows 0",1.8886094264726923,0.7419158513731539,1.2365264189552563,0.9885996860343894,8.65983251049035,0.2876429764589353,0.11299683289710864,4.555430165915822,0.0,0.86875,0.86875,0.2803323706273474,0.28,0.07840829521640824,0.05159170478359176,0.10167710954851794,11,0,0,0,4512,0,67,72,160,241,HOLD,282,settled,True,14.100000000000001,20.78088034028488
0.6,2,2.5455844122715714,1.5273506473629428,1,78.6348106982665,False,"G500: 3 scaled-barrier event(s), smallest factor 0.676; the contract allows 0",1.7358596589210236,0.6819100755617906,1.1365167926029844,0.9996478227458304,1.5206561696343126,0.10370505953054981,0.0407391949096702,4.957254953900049,0.4223205802799882,1.0,1.0,0.28011723030242597,0.28,0.08678045167770243,0.043219548322297574,0.09366173266101079,3,0,0,0,9088,0,81,146,339,527,HOLD,568,settled,True,28.400000000000002,20.615633259354365
0.6,3,2.5455844122715714,1.5273506473629428,1,30.576349067927193,False,"G500: 31 scaled-barrier event(s), smallest factor 0.211; the contract allows 0",1.9405693903367467,0.7623276529278654,1.270546088213109,0.999697080689661,1.4103018433577155,0.18140881966433497,0.07126411475094376,4.433208288522876,0.0,0.925,0.91875,0.2826130913139887,0.28,0.07714394082985088,0.05285605917014913,0.09964439526649198,31,0,0,0,5456,0,77,78,206,301,HOLD,341,settled,True,17.05,20.653019401787464
0.6,4,2.5455844122715714,1.5273506473629428,1,157.4812119101344,True,,1.9127472892889406,0.7513980994179982,1.2523301656966637,0.9904597818799542,7.92068350041648,0.266119442657085,0.10454159028244964,4.497823895265542,-0.1702820056863433,1.0,1.0,0.2838113235943302,0.28,0.07691517665444243,0.05308482334555757,0.10148391367854617,0,0,0,0,4592,0,82,118,200,246,HOLD,287,settled,True,14.350000000000001,20.764845819284428
0.6,5,2.5455844122715714,1.5273506473629428,1,96.09942625178446,True,,1.8608451336961862,0.7310090070969782,1.2183483451616304,0.9997048023304154,1.3922100891575624,0.06962150082939088,0.027349908529359514,4.6235451905264435,0.032720162551813245,1.0,1.0,0.28067837550651015,0.28,0.07281541440004416,0.057184585599955845,0.09672894564952028,0,0,0,0,8176,0,73,223,391,471,HOLD,511,settled,True,25.55,20.713287469331195
0.6,6,2.5455844122715714,1.5273506473629428,1,275.9430288965318,True,,1.845814974621776,0.7251046029837405,1.2085076716395675,0.999405085457317,1.9764528391929725,0.06369778034113857,0.02502285134763902,4.661276878829494,0.0,1.0,1.0,0.2805265556863271,0.28,0.08778765803407795,0.04221234196592205,0.09755054164954177,0,0,0,0,7616,0,148,297,387,436,HOLD,476,settled,True,23.8,21.287200713697626
0.6,7,2.5455844122715714,1.5273506473629428,1,201.32050447239965,True,,1.9505906230606975,0.7662643649361732,1.277107274893622,0.9967358312909316,4.630651887454649,0.157991115558883,0.06206477176606312,4.410387305826465,0.02158473993833721,0.95625,0.95625,0.28577845488390025,0.28,0.08366917888693515,0.04633082111306486,0.09998242324913467,0,0,0,0,4352,0,72,109,179,221,HOLD,272,settled,True,13.600000000000001,21.20564425331587
0.6,8,2.5455844122715714,1.5273506473629428,1,357.6946179453914,True,,1.7390496775079176,0.683163233214515,1.1386053886908583,0.9997250402744658,1.3436375262202185,0.07081001129358225,0.027816799534215564,4.948138938275436,0.0,1.0,0.975,0.2803935064078553,0.28,0.09345270431391572,0.03654729568608428,0.09805130945940989,0,0,0,0,6416,0,89,285,308,360,HOLD,401,settled,True,20.05,21.185674948208845
0.6,9,2.5455844122715714,1.5273506473629428,1,55.21178356827038,False,"G500: 6 scaled-barrier event(s), smallest factor 0.832; the contract allows 0",1.964070716223739,0.7715598456509583,1.2859330760849306,0.980870302485943,11.225002579014088,0.38978722981570557,0.15312288523478032,4.380057989817103,0.6161448753311007,1.0,1.0,0.28247133276893,0.28,0.0788467328246516,0.051153267175348405,0.09832446483397692,6,0,0,0,8032,0,70,71,217,364,HOLD,502,settled,True,25.1,19.429748417928245
0.6,10,2.5455844122715714,1.5273506473629428,1,2.949873175959752,True,,1.7382114091580105,0.6828339303063631,1.1380565505106053,0.9994079038007754,1.9717652021247667,0.06011122030677973,0.023613917502401355,4.950531178136577,0.0,1.0,0.9625,0.28157251332827204,0.28,0.09655752912920512,0.03344247087079488,0.0980446181019198,0,0,0,0,5472,0,69,205,259,302,HOLD,342,settled,True,17.1,21.146701008909744
0.6,11,2.5455844122715714,1.5273506473629428,1,35.98273540288894,True,,1.9851241465061176,0.7798304141620184,1.2997173569366973,0.9723163091011894,13.513151828129782,0.4890924172569189,0.19213364714960426,4.3335155912029055,-0.40250321575598336,1.0,1.0,0.29319798416759985,0.28,0.08388759730013248,0.04611240269986752,0.09931508446283631,0,0,0,0,4864,0,76,77,206,263,HOLD,304,settled,True,15.200000000000001,21.027611778962683
0.8,0,2.5455844122715714,2.036467529817257,1,213.89921974319353,False,G500: J=2.8554 m overshot L=2.0365 m by more than 40%: the team did not stop,2.8553945080347902,1.1217048997745698,1.4021311247182122,0.989465764734029,8.323790137464995,0.42024992928626537,0.16508976377304738,3.011256305627564,-0.34794753401518175,0.9625,0.9625,0.2959161371533816,0.28,0.07008366037832378,0.05991633962167622,0.10466012990411254,0,0,0,0,5200,0,123,124,220,284,HOLD,325,settled,True,16.25,19.998942578985254
0.8,1,2.5455844122715714,2.036467529817257,1,67.05487627201978,False,"G500: 3 scaled-barrier event(s), smallest factor 0.797; the contract allows 0",2.675014542351247,1.050844957038442,1.3135561962980524,0.9877162513327964,8.989771632381899,0.4231911754937422,0.1662451944055174,3.2145160777392725,0.0,0.875,0.875,0.2803633391778034,0.28,0.07836920331158925,0.05163079668841075,0.10167710954851794,3,0,0,0,5792,0,67,72,192,322,HOLD,362,settled,True,18.1,20.283158154736547
0.8,2,2.5455844122715714,2.036467529817257,1,78.6348106982665,False,"G500: 3 scaled-barrier event(s), smallest factor 0.676; the contract allows 0",2.3162422551180852,0.9099058919248995,1.1373823649061243,0.9998469111000677,1.002570731763747,0.10370505953054981,0.0407391949096702,3.7130768787890123,0.4223205802799882,1.0,1.0,0.28011723030242597,0.28,0.08678045167770243,0.043219548322297574,0.09710800718380967,3,0,0,0,9920,0,81,146,401,580,HOLD,620,settled,True,31.0,20.621674640630715
0.8,3,2.5455844122715714,2.036467529817257,1,30.576349067927193,False,"G500: 31 scaled-barrier event(s), smallest factor 0.211; the contract allows 0",2.5880383043424424,1.0166774638728193,1.270846829841024,0.9995892133997012,1.6423307806978993,0.18140881966433497,0.07126411475094376,3.3226656493649753,-0.0017371677595466528,0.91875,0.91875,0.2826130913139887,0.28,0.07714394082985088,0.05285605917014913,0.09964439526649198,31,0,0,0,6752,0,77,78,264,382,HOLD,422,settled,True,21.1,19.941250147308192
0.8,4,2.5455844122715714,2.036467529817257,2,50.18394608479205,False,"G500: 12 scaled-barrier event(s), smallest factor 0.289; the contract allows 0",2.533009287243706,0.9950600243436265,1.243825030429533,0.9791665979927197,11.71587177221282,0.5252928210801201,0.20635450883020262,3.394933453625616,0.0,1.0,1.0,0.281087396811796,0.28,0.08329471078773443,0.04670528921226558,0.09682540305422785,12,0,0,0,7520,0,58,101,288,429,HOLD,470,settled,True,23.5,20.653536607023167
0.8,5,2.5455844122715714,2.036467529817257,1,96.09942625178446,True,,2.43152307372996,0.9551924744700067,1.1939905930875083,0.9995101026869221,1.7935268825955166,0.0793046362760324,0.03115380338350843,3.5368068390158807,0.032720162551813245,1.0,1.0,0.28067837550651015,0.28,0.07281541440004416,0.057184585599955845,0.09672894564952028,0,0,0,0,9920,0,73,223,442,580,HOLD,620,settled,True,31.0,20.442809453455883
0.8,6,2.5455844122715714,2.036467529817257,2,6.79603012435237,False,"G500: 2 scaled-barrier event(s), smallest factor 0.746; the contract allows 0",2.4311670950822415,0.9550526328501404,1.1938157910626754,0.9987610836060068,2.8523543563319778,0.13676151722023344,0.053724997906548805,3.5373253676149234,0.0,0.875,0.84375,0.29509049112294067,0.28,0.09064867291216672,0.03935132708783329,0.10015164107908599,2,0,0,0,5168,0,55,133,223,282,HOLD,323,settled,True,16.150000000000002,20.78888154491453
0.8,7,2.5455844122715714,2.036467529817257,2,322.82638293330945,True,,2.5071763080153575,0.984911871682173,1.231139839602716,0.9719599579503863,13.600254049115009,0.6102723015836343,0.23973760156672755,3.4299551724160704,-0.6631882024516361,1.0,1.0,0.2804958172724216,0.28,0.07568101323172155,0.054318986768278454,0.10089908412899687,0,0,0,0,9648,0,66,133,473,562,HOLD,603,settled,True,30.150000000000002,19.905840554521223
0.8,8,2.5455844122715714,2.036467529817257,1,357.6946179453914,True,,2.337591420383825,0.9182926361093866,1.1478657951367333,0.9999998393540247,0.03247674989708464,0.07081001129358225,0.027816799534215564,3.6791185365716474,0.0,1.0,0.9875,0.2800503885092485,0.28,0.09345270431391572,0.03654729568608428,0.09902637642699172,0,0,0,0,7664,0,89,285,342,402,HOLD,479,settled,True,23.950000000000003,21.025470118427517
0.8,9,2.5455844122715714,2.036467529817257,1,55.21178356827038,False,"G500: 7 scaled-barrier event(s), smallest factor 0.688; the contract allows 0",2.5039211836019435,0.9836331380453224,1.229541422556653,0.9948812730514893,5.799680094473173,0.4059125171044612,0.15945749634059164,3.4344194955762912,0.4919844855444963,1.0,0.99375,0.2807293301733759,0.28,0.0788467328246516,0.051153267175348405,0.09832446483397692,7,0,0,0,10096,0,70,71,313,590,HOLD,631,settled,True,31.55,19.524419064061036
0.8,10,2.5455844122715714,2.036467529817257,1,2.949873175959752,True,,2.3556437387632023,0.9253842565217179,1.1567303206521473,0.9992109993910795,2.2761708564967273,0.09466882425360196,0.037189426442599684,3.6508854881668302,-0.017459528027184555,1.0,0.9125,0.28699240371578816,0.28,0.09655752912920512,0.03344247087079488,0.0984851100370294,0,0,0,0,6176,0,69,205,285,346,HOLD,386,settled,True,19.3,20.552032928830048
0.8,11,2.5455844122715714,2.036467529817257,1,35.98273540288894,True,,2.5985005870097653,1.0207874366621272,1.275984295827659,0.9784861790055541,11.90633522711115,0.5478900448170682,0.2152315366859724,3.309272751503399,-0.6291546091774989,1.0,1.0,0.29319798416759985,0.28,0.08106039849712468,0.048939601502875324,0.10030246681372215,0,0,0,0,5888,0,76,77,244,309,HOLD,368,settled,True,18.400000000000002,20.316326080391025
1.0,0,2.5455844122715714,2.5455844122715714,18,55.872638915747,False,"G500: 5 scaled-barrier event(s), smallest factor 0.914; the contract allows 0",3.107424227287041,1.2207115239655746,1.2207115239655746,0.9846791007321167,10.042360433561617,0.5504325159255283,0.21623031366472964,2.7668279185140587,0.0,1.0,1.0,0.2913855623799242,0.28,0.07921298230551388,0.050787017694486125,0.09982739393068349,5,0,0,0,10000,0,84,85,344,585,HOLD,625,settled,True,31.25,19.592257596218392
1.0,1,2.5455844122715714,2.5455844122715714,6,329.4845090987642,True,,3.365594012004306,1.322130193671713,1.322130193671713,0.9980966543378248,3.5356182910469833,0.4259550953383352,0.16733096466372174,2.554442009622672,0.0,0.9625,0.95625,0.28269738315373166,0.28,0.08136423145040439,0.048635768549595615,0.10250162012981595,0,0,0,0,6608,0,75,153,282,373,HOLD,413,settled,True,20.650000000000002,19.662474065411676
1.0,2,2.5455844122715714,2.5455844122715714,6,130.79030414145993,False,"G500: 3 scaled-barrier event(s), smallest factor 0.684; the contract allows 0",3.278890768436717,1.2880699428508733,1.2880699428508733,0.9932644851995835,6.65375944426056,0.39858189218962425,0.15657775490302706,2.6220353412609088,3.7827308631798693,1.0,0.95625,0.2802374920329514,0.28,0.07762104567073064,0.05237895432926937,0.10112883488523208,3,0,0,0,7040,0,81,131,304,379,HOLD,440,settled,True,22.0,20.097497160932466
1.0,3,2.5455844122715714,2.5455844122715714,1,30.576349067927193,False,"G500: 31 scaled-barrier event(s), smallest factor 0.211; the contract allows 0",3.2225552667566078,1.265939267706678,1.265939267706678,0.9974591442603917,4.085259360887243,0.23119202776313807,0.09082080588199082,2.6679056501855607,-0.00019900873185031194,0.99375,0.99375,0.28141273576759174,0.28,0.07714394082985088,0.05285605917014913,0.09964439526649198,31,0,0,0,10992,0,77,78,323,647,HOLD,687,settled,True,34.35,19.02056709978608
1.0,4,2.5455844122715714,2.5455844122715714,2,50.18394608479205,True,,3.1481361390678204,1.2367046733518285,1.2367046733518285,0.9733204409555387,13.26469526494848,0.7421399175478389,0.29154009349294563,2.731019810169783,0.0,0.99375,0.9875,0.2829449720662523,0.28,0.08021157207242968,0.04978842792757032,0.09688433214210762,0,0,0,0,8528,0,58,101,352,492,HOLD,533,settled,True,26.650000000000002,19.414756905388593
1.0,5,2.5455844122715714,2.5455844122715714,3,124.08850523892276,False,"G500: 27 scaled-barrier event(s), smallest factor 0.090; the contract allows 0",3.0159934865172975,1.1847941368504662,1.1847941368504662,0.9991159072597867,2.409453470640562,0.21132962251201248,0.08301811619102072,2.8507733928486543,2.1467096771995715,1.0,1.0,0.28073328849373835,0.28,0.07818582356306408,0.05181417643693592,0.09464241908867098,27,0,0,0,11248,0,81,134,489,663,HOLD,703,settled,True,35.15,18.63263064435281
1.0,6,2.5455844122715714,2.5455844122715714,3,318.78759918014737,False,"G500: 32 scaled-barrier event(s), smallest factor 0.086; the contract allows 0",3.4825105054861765,1.3680593299903703,1.3680593299903703,0.9841632024446307,10.210479483380754,0.7234008810968608,0.28417870474439644,2.4686290407383735,0.0,0.81875,0.75,0.2804619900459043,0.28,0.07510815896277334,0.05489184103722666,0.10382028831714962,32,0,0,0,5456,0,81,82,224,300,HOLD,341,settled,True,17.05,17.011422516703096
1.0,7,2.5455844122715714,2.5455844122715714,2,322.82638293330945,True,,3.206510340505767,1.2596362253980073,1.2596362253980073,0.9769811701502531,12.317309920247515,0.7273668538976319,0.2857366860007446,2.6812652037578397,-0.6510984909556621,1.0,1.0,0.2804958172724216,0.28,0.07568101323172155,0.054318986768278454,0.10153698727139705,0,0,0,0,11808,0,66,133,527,619,HOLD,738,settled,True,36.9,17.458680743731907
1.0,8,2.5455844122715714,2.5455844122715714,5,318.0362043389665,False,"G500: 6 scaled-barrier event(s), smallest factor 0.375; the contract allows 0",3.5032702108703693,1.3762145124640357,1.3762145124640357,0.9903982749356939,7.946216155614208,0.48899946884041223,0.19209713356315294,2.453991441546925,0.3014606608630608,0.94375,0.94375,0.2827669081850933,0.28,0.07521540786820545,0.054784592131794554,0.10258786134056853,6,0,0,0,5872,0,89,90,245,326,HOLD,367,settled,True,18.35,16.61574574439143
1.0,9,2.5455844122715714,2.5455844122715714,1,55.21178356827038,False,"G500: 8 scaled-barrier event(s), smallest factor 0.688; the contract allows 0",3.1145501427896636,1.2235108479511672,1.2235108479511672,0.9971222364116207,4.347798332114304,0.4059125171044612,0.15945749634059164,2.760492663535691,0.4919844855444963,1.0,1.0,0.28063565318979194,0.28,0.0788467328246516,0.051153267175348405,0.09832446483397692,8,1,0,0,13856,0,70,71,421,825,HOLD,866,settled,True,43.300000000000004,17.098412169972384
1.0,10,2.5455844122715714,2.5455844122715714,3,134.92677553627865,False,"G500: 2 scaled-barrier event(s), smallest factor 0.988; the contract allows 0",3.3428725520968037,1.3132043612389055,1.3132043612389055,0.9917248962279898,7.376057539920395,0.4340464130183923,0.17050953444166786,2.571816148359932,-1.9914737917827954,1.0,1.0,0.2806708550212749,0.28,0.07061292692331898,0.05938707307668102,0.10140922285516486,2,0,0,0,7744,0,97,149,336,443,HOLD,484,settled,True,24.200000000000003,17.149681359451804
1.0,11,2.5455844122715714,2.5455844122715714,1,35.98273540288894,True,,3.2607125942457276,1.2809288816064073,1.2809288816064073,0.9800081635593332,11.475990247701795,0.6660943538872333,0.26166657474651916,2.636663246850511,-1.3109445300552347,1.0,1.0,0.29319798416759985,0.28,0.06801520653775832,0.061984793462241686,0.10030246681372215,0,0,0,0,7968,0,76,77,273,409,HOLD,498,settled,True,24.900000000000002,17.14526025322454
