case_id,shape,seed,position_class,yaw_deg,surface_density,ground_friction,contact_friction,vertex_count,goal_angle_deg,diameter_m,perimeter_m,domain_eligible,finite_time_eligible,theorem_eligible,termination,task_success,success_given_eligible,failure_class,frame,wall_seconds,fps,J_m,efficiency,max_cross_track_error_m,max_abs_rotation_deg,max_penetration_m,operational_enclosure_maintained,fallbacks,infeasible,rho_relaxations
circle__seed_000,circle,0,center,262.54648308551936,0.8,0.15,0.4,96,-121.93613659280355,1.1600000000000006,3.642784142067513,True,False,False,SUCCESS_HOLD,True,True,SUCCESS,339,16.44652430000133,20.612257873839802,0.19397624678694364,0.9976995994601001,0.01561054922555967,7.374942140490512,0.014083901375300245,True,0,0,0
rectangle__seed_000,rectangle,0,edge,46.50815208630955,2.2,0.3,0.6,,-121.93613659280355,1.3567977004697493,3.7399999999999993,False,False,False,SUCCESS_HOLD,True,False,WRENCH_INFEASIBLE,330,10.40810150001198,31.70607050667407,0.08204238080477537,0.9997278147122407,0.004538541499307953,2.7155010334379193,0.011090643771555164,True,0,0,0
ellipse24__seed_000,ellipse24,0,corner,357.58259839781886,1.5,0.45,0.8,24,-121.93613659280355,1.4399999999999997,3.6332971918598282,False,False,False,SUCCESS_HOLD,False,False,MAP_INCOMPLETE,348,9.17604350001784,37.92484200835833,0.08020267828321707,0.9113613916364662,0.036222724603447956,2.686880653686474,0.010926822783910467,False,0,0,0
l_shape__seed_000,l_shape,0,random,150.13354941300088,0.8,0.15,0.4,,-121.93613659280355,1.6122034611053275,4.559999999999999,False,False,False,SUCCESS_HOLD,False,False,WRENCH_INFEASIBLE,336,12.875056799995946,26.096972247928708,0.07448333047619507,0.962741603117671,0.024245758160075046,12.661516429749206,0.013239555849532403,True,0,0,0
u_shape__seed_000,u_shape,0,center,80.0081172593723,2.2,0.3,0.6,8,-121.93613659280355,1.70293863659264,6.299999999999998,False,False,False,SUCCESS_HOLD,True,False,WRENCH_INFEASIBLE,339,13.34259749998455,25.407346657979645,0.08887285115447403,0.9727515236713651,0.021694193805108314,2.4490875635441096,0.013443899324396408,True,0,0,0
c_shape__seed_000,c_shape,0,edge,356.0678098233227,1.5,0.45,0.8,8,-121.93613659280355,1.7029386365926402,6.6000000000000005,False,False,False,SUCCESS_HOLD,False,False,MAP_INCOMPLETE,345,10.055512399994768,34.309539511897924,0.0772083874978583,0.8912803522174515,0.03928096272547173,1.7733378773962858,0.010117902431497794,False,0,0,0
star10__seed_000,star10,0,corner,129.99678586310552,0.8,0.15,0.4,10,-121.93613659280355,1.331479122813215,4.69582698443549,False,False,False,SUCCESS_HOLD,False,False,MAP_INCOMPLETE,339,18.20074190001469,18.62561437672639,0.1768694613573133,0.9300116611917458,0.06989679597176851,28.838216589067684,0.008569961551689598,False,0,0,0
convex_random__seed_000,convex_random,0,random,260.91002928503667,2.2,0.3,0.6,8,-121.93613659280355,1.6617348358575277,4.134419986415793,False,False,False,SUCCESS_HOLD,True,False,WRENCH_INFEASIBLE,360,10.471263100014767,34.379806577440725,0.07748405253001472,0.9940589967390087,0.008483968818533125,11.116047730450594,0.011251233088201945,True,0,0,0
concave_random7__seed_000,concave_random7,0,center,315.6412039401132,1.5,0.45,0.8,7,-121.93613659280355,1.086192929559702,3.1853458891543496,False,False,False,SUCCESS_HOLD,True,False,WRENCH_INFEASIBLE,327,20.75298109999858,15.75677240895393,0.07583675707495668,0.9859227174983398,0.01743531425134382,4.257111656913218,0.012807319460774902,True,0,0,0
concave_random15__seed_000,concave_random15,0,edge,202.31885129177655,0.8,0.15,0.4,15,-121.93613659280355,1.3460886495707853,4.409848351372869,False,False,False,SUCCESS_HOLD,False,False,MAP_INCOMPLETE,342,43.91086189998896,7.7885057409926635,0.07659168037283198,0.9906137852888194,0.010568563871083458,14.891621805273823,0.013713372204272711,False,0,0,8
high_aspect__seed_000,high_aspect,0,corner,84.24872770161949,2.2,0.3,0.6,,-121.93613659280355,1.6194134740701651,3.7000000000000006,False,False,False,SUCCESS_HOLD,False,False,MAP_INCOMPLETE,345,21.97810649999883,15.697439631572372,0.08855019073432975,0.8665432256751692,0.0510021644535407,3.20241068428013,0.0043374373486506634,False,0,0,0
polygon32__seed_000,polygon32,0,random,16.111286554303035,1.5,0.45,0.8,32,-121.93613659280355,1.2749532666134789,4.094237597726095,False,False,False,SUCCESS_HOLD,False,False,WRENCH_INFEASIBLE,414,42.26648279998335,9.79499529116634,0.08959308726069201,0.9987806787034428,0.008894327015031605,6.832584647075141,0.014253971455185227,False,0,0,0
circle__seed_001,circle,1,edge,17.85163620845264,1.5,0.45,0.6,96,-84.16317165138723,1.1600000000000008,3.642784142067513,False,False,False,SUCCESS_HOLD,True,False,WRENCH_INFEASIBLE,444,30.383216999995057,14.613330774028052,0.08084533741878279,0.9998600100221432,0.008674340053835185,0.016343006729078065,0.012114150841257276,True,0,0,0
rectangle__seed_001,rectangle,1,corner,40.78965765634334,0.8,0.15,0.8,,-84.16317165138723,1.3567977004697496,3.74,False,False,False,SUCCESS_HOLD,False,False,MAP_INCOMPLETE,333,31.28467510000337,10.644189173630387,0.15363215543626343,0.7946997271721266,0.11734638668953103,12.18375291197762,0.0013052209004066062,False,0,0,0
ellipse24__seed_001,ellipse24,1,random,272.8856409512105,2.2,0.3,0.4,24,-84.16317165138723,1.4399999999999997,3.6332971918598282,False,False,False,SUCCESS_HOLD,False,False,MAP_INCOMPLETE,477,15.425866800011136,30.922087308549536,0.08140846208694365,0.9525648553429903,0.026009250943090076,1.5943550486990439,0.010555810498921958,False,0,0,0
l_shape__seed_001,l_shape,1,center,336.39350147859767,1.5,0.45,0.6,,-84.16317165138723,1.6122034611053278,4.56,False,False,False,SUCCESS_HOLD,False,False,WRENCH_INFEASIBLE,339,13.866638599982252,24.447164866648638,0.07234712037128223,0.984893020423822,0.013167440740069829,6.310015219660963,0.019207172836170683,True,0,0,0
u_shape__seed_001,u_shape,1,edge,69.6096216381834,0.8,0.15,0.8,8,-84.16317165138723,1.70293863659264,6.3,False,False,False,SUCCESS_HOLD,False,False,MAP_INCOMPLETE,333,22.120965200010687,15.053592688615554,0.08724916632088979,0.9653786570145005,0.023575378057375244,11.678401842248254,0.00939829962126204,False,0,0,0
c_shape__seed_001,c_shape,1,corner,63.03263739504365,2.2,0.3,0.4,8,-84.16317165138723,1.70293863659264,6.6000000000000005,False,False,False,SUCCESS_HOLD,False,False,MAP_INCOMPLETE,342,12.208282900013728,28.013767603600947,0.0824737901650942,0.9817834136730599,0.02367664431014246,12.911089419351594,0.0157637072741853,False,0,0,0
star10__seed_001,star10,1,random,270.02920599634257,1.5,0.45,0.6,10,-84.16317165138723,1.331479122813215,4.695826984435488,False,False,False,SOLVER_FAILURE,False,False,SOLVER_FAILURE,1096,67.35795219999272,16.2712785083766,0.006020276835936218,0.05442181266633101,0.1145112051906998,8.569637460743873,0.028347031092274794,False,1,1,451
convex_random__seed_001,convex_random,1,center,243.95703031309742,0.8,0.15,0.8,8,-84.16317165138723,1.555030956886214,4.3435245265930575,False,False,False,SUCCESS_HOLD,True,False,WRENCH_INFEASIBLE,327,12.157517299987376,26.89693890053848,0.08755880957617132,0.9868845215169385,0.014585993138172562,7.345232759875289,0.017883675690851586,True,0,0,0
concave_random7__seed_001,concave_random7,1,edge,194.5565936680401,2.2,0.3,0.4,7,-84.16317165138723,1.0497785226238223,2.964503111909454,False,False,False,SUCCESS_HOLD,False,False,MAP_INCOMPLETE,405,19.751021399977617,20.5052686541294,0.08412622690182502,0.9782383218748956,0.028458556416022174,4.127984436583732,0.007473043464522183,False,0,0,0
concave_random15__seed_001,concave_random15,1,corner,152.58934367155675,1.5,0.45,0.6,15,-84.16317165138723,1.3369572413545319,5.0732413321583785,False,False,False,SUCCESS_HOLD,False,False,MAP_INCOMPLETE,336,12.623082899983274,26.617903301613048,0.08453279046200933,0.9878155757545731,0.016301183830447163,28.92337337165191,0.013843497605315641,False,0,0,0
high_aspect__seed_001,high_aspect,1,random,196.75899415511842,0.8,0.15,0.8,,-84.16317165138723,1.6194134740701647,3.6999999999999993,True,False,False,SUCCESS_HOLD,True,True,SUCCESS,327,9.523022900015349,34.33783615069044,0.15256513653539497,0.9899002811753663,0.02547760887927568,21.872789264005462,0.012052829942671511,True,0,0,0
polygon32__seed_001,polygon32,1,center,302.32732255598563,2.2,0.3,0.4,32,-84.16317165138723,1.2610741676934616,4.148777522806908,False,False,False,SUCCESS_HOLD,True,False,WRENCH_INFEASIBLE,342,9.48089209999307,36.07255481794271,0.07813322947099265,0.9673405479319276,0.020473901121993505,2.460296176059338,0.016122585978933485,True,0,0,1
circle__seed_002,circle,2,corner,273.3898459324699,2.2,0.3,0.8,96,150.85658010298832,1.1600000000000001,3.642784142067513,False,False,False,SUCCESS_HOLD,False,False,MAP_INCOMPLETE,474,13.999414800025988,33.85855814481046,0.0890942872597107,0.9083420135499883,0.0410217060131638,0.009188976130627923,0.011096607669777159,False,0,0,0
rectangle__seed_002,rectangle,2,random,241.03637329924862,1.5,0.45,0.4,,150.85658010298832,1.3567977004697491,3.739999999999998,False,False,False,SUCCESS_HOLD,False,False,WRENCH_INFEASIBLE,333,10.13962589998846,32.84144832211009,0.07757080393835944,0.9931679326030987,0.009114306318312705,4.684849021370341,0.015809439947960163,False,0,0,0
ellipse24__seed_002,ellipse24,2,center,282.30859301854144,0.8,0.15,0.6,24,150.85658010298832,1.44,3.6332971918598282,True,False,False,SUCCESS_HOLD,False,False,CONTRACT_FAILURE,384,20.32790910001495,18.890285179390023,0.6589385824843086,0.9985067914815171,0.04222958141354716,7.430587828022252,0.013235730796099188,True,0,0,0
l_shape__seed_002,l_shape,2,edge,239.30054247397902,2.2,0.3,0.8,,150.85658010298832,1.6122034611053282,4.56,False,False,False,SUCCESS_HOLD,False,False,WRENCH_INFEASIBLE,486,80.93384079998941,6.004904687534162,0.07493046838557688,0.9456741697130102,0.025760551917052024,14.974979718815062,0.011699236699069221,False,0,0,0
u_shape__seed_002,u_shape,2,corner,199.77010392899552,1.5,0.45,0.4,8,150.85658010298832,1.7029386365926402,6.300000000000001,False,False,False,SUCCESS_HOLD,False,False,MAP_INCOMPLETE,462,35.80771039999672,12.902249120067792,0.07886952816617909,0.6810900032704378,0.08478797948798572,1.096521931911135,0.011910753326130286,False,0,0,0
c_shape__seed_002,c_shape,2,random,278.39617554429293,0.8,0.15,0.6,8,150.85658010298832,1.702938636592641,6.6000000000000005,False,False,False,SUCCESS_HOLD,False,False,CAGE_INFEASIBLE,354,90.5146558000124,3.9109688577079194,0.07003147354557708,0.9740606639719847,0.019458235745793903,14.765295507104906,0.015199643813799957,False,0,0,1
star10__seed_002,star10,2,center,347.9019967663498,2.2,0.3,0.8,10,150.85658010298832,1.3314791228132152,4.69582698443549,False,False,False,SUCCESS_HOLD,True,False,WRENCH_INFEASIBLE,342,35.265661699988414,9.697818884257952,0.07626333560890038,0.9936669461553863,0.008623982123553572,4.88113482715107,0.01845430557175487,True,0,0,0
convex_random__seed_002,convex_random,2,edge,337.2622368509505,1.5,0.45,0.4,8,150.85658010298832,1.8671603669337489,4.937029918310841,False,False,False,SUCCESS_HOLD,False,False,MAP_INCOMPLETE,663,59.807105899992166,11.085639240070416,0.07817894710041201,0.9747779369707759,0.017899197614011424,0.0,0.012120639362125957,False,0,0,0
concave_random7__seed_002,concave_random7,2,corner,216.52760698992762,0.8,0.15,0.6,7,150.85658010298832,1.0876368503392826,2.878084170040788,True,False,False,SUCCESS_HOLD,False,False,CONTRACT_FAILURE,378,58.05988729998353,6.510519010258348,0.13478269816915966,0.7992384184964183,0.18384592976670522,14.255103868996793,0.010552114453712874,False,0,0,0
concave_random15__seed_002,concave_random15,2,random,309.5142270118176,2.2,0.3,0.8,15,150.85658010298832,1.274883334144826,4.350297980060474,False,False,False,SUCCESS_HOLD,False,False,WRENCH_INFEASIBLE,348,70.82905309999478,4.913238067840633,0.06277837782837808,0.996164327880261,0.009476563015127452,28.34229600959893,0.009592927138820623,True,0,0,0
high_aspect__seed_002,high_aspect,2,center,219.89281769988543,1.5,0.45,0.4,,150.85658010298832,1.619413474070165,3.6999999999999997,False,False,False,SUCCESS_HOLD,False,False,WRENCH_INFEASIBLE,330,32.975058100011665,10.007563868397954,0.07351787399874991,0.9316585606726936,0.03071557827718523,5.34049233353229,0.012544316849673609,True,0,0,0
polygon32__seed_002,polygon32,2,edge,99.43800797792899,0.8,0.15,0.6,32,150.85658010298832,1.279203797207768,4.105785475087661,False,False,False,SUCCESS_HOLD,False,False,MAP_INCOMPLETE,339,57.47535770002287,5.898179908149839,0.14669093870828032,0.8844083806345844,0.08400467200691417,35.826331403330805,0.008576651153035242,False,0,0,0
