shape,seed,alpha,yaw_deg,diameter_m,perimeter_m,area_m2,mass_kg,object_reach_m,concavity_ratio,vertex_count,target_distance_m,shape_scale_factor,annulus_min_m,annulus_max_m,case_id,sampler_attempts,goal_angle_deg,J,J_over_diameter,target_over_diameter,J_over_target,efficiency,direction_error_deg,max_cross_track,max_cross_track_over_diameter,rotation_deg,max_strict_coverage,final_strict_coverage,min_inter_agent_distance,d_min,min_signed_clearance,max_penetration,penetration_budget,solver_fallbacks,solver_infeasible,barrier_scalings,min_barrier_scale,margin_relaxations,solves,first_detection_frame,contact_ready_frame,transport_frame,brake_frame,hold_frame,final_phase,frames_run,terminated_by,settled,completion_time_s,wall_seconds,fps,success,domain_eligible,finite_time_eligible,formal_caging,map_complete,runtime_map_gap_m,runtime_map_gap_required_m,runtime_domain_eligible,certified_inscribed_radius,required_boundary_agents,failure_class
l_shape,0,0.1,94.02441069197113,2.5455844122715705,7.199999999999998,2.05875,2.05875,1.320047119236101,0.2229299363057311,6,0.25455844122715704,1.5789473684210527,1.67,2.47,l_shape__a0.10__seed000,1,213.89921974319353,0.3272897267860631,0.1285715473461765,0.09999999999999999,1.285715473461765,0.9801410808290959,11.437649499557248,0.06641330244247882,0.026089609176705494,1.172484966592724,1.0,1.0,0.2802121058323278,0.28,0.09059748387722416,0.039402516122775844,0.10031075566405159,0,0,2,0.0234375,0,2736,0,94,108,123,131,HOLD,171,settled,True,8.55,5.762820200001443,29.672971577346313,False,True,False,False,True,0.033829416804496755,0.1,True,0.32443316770982533,12,CONTRACT_FAILURE
l_shape,1,0.1,207.4825206504869,2.545584412271571,7.199999999999999,2.0587499999999994,2.0587499999999994,1.320047119236072,0.22292993630573055,6,0.2545584412271571,1.5789473684210527,1.67,2.47,l_shape__a0.10__seed001,1,67.05487627201978,0.3042310943074114,0.11951326101809705,0.1,1.1951326101809705,0.9875109929146991,9.06472465940649,0.04854473041609614,0.019070171148941353,0.939562859423994,0.99375,0.99375,0.2823533713012021,0.28,0.08063511096067001,0.04936488903932999,0.09151890936066558,0,0,9,0.26953125,1,4480,0,122,129,220,240,HOLD,280,settled,True,14.0,9.533402199998818,29.370417205311522,False,True,False,False,True,0.033062221766751936,0.1,True,0.32443316770982195,12,CONTRACT_FAILURE
l_shape,2,0.1,173.9164002050729,2.545584412271571,7.199999999999999,2.05875,2.05875,1.3200471192360868,0.222929936305731,6,0.2545584412271571,1.5789473684210527,1.67,2.47,l_shape__a0.10__seed002,1,78.6348106982665,0.392739749607678,0.1542827445494977,0.1,1.5428274454949769,0.9988974037877776,2.690827086223736,0.023271529447560918,0.009141920156084865,-1.5349394875683395,1.0,0.98125,0.28000705482801724,0.28,0.08896068021536006,0.04103931978463994,0.08990426179638267,0,0,98,0.0,9,48000,0,100,,,,CONTACT_READY,3000,watchdog,False,150.0,107.39619159999893,27.93395143073239,False,True,False,False,True,0.03169375764620395,0.1,True,0.3244331677098252,12,TRANSPORT_NEVER_ARMED
l_shape,3,0.1,249.30444502135222,2.5455844122715705,7.1999999999999975,2.058749999999999,2.058749999999999,1.3200471192360852,0.22292993630573066,6,0.25455844122715704,1.5789473684210527,1.67,2.47,l_shape__a0.10__seed003,1,30.576349067927193,0.29422206863126144,0.11558134439105489,0.09999999999999999,1.155813443910549,0.9986310273047811,2.9983655575597963,0.015411109096322456,0.006054055415341832,0.0,0.98125,0.975,0.28000237227342406,0.28,0.08028346329221024,0.04971653670778976,0.0920267542430124,0,0,51,0.0703125,4,3984,0,134,148,190,208,HOLD,249,settled,True,12.450000000000001,8.034216899999592,30.992441839603888,False,True,False,False,True,0.03735108384690196,0.1,True,0.32443316770982195,12,CONTRACT_FAILURE
l_shape,4,0.1,229.01050601925087,2.5455844122715705,7.199999999999998,2.058749999999998,2.058749999999998,1.3200471192360732,0.2229299363057311,6,0.25455844122715704,1.5789473684210527,1.67,2.47,l_shape__a0.10__seed004,1,157.4812119101344,0.3470385914511276,0.13632963408251123,0.09999999999999999,1.3632963408251122,0.9999358416676581,0.6490325616196008,0.045957891417033776,0.018053964816677568,2.625560740850959,1.0,1.0,0.2801790403381904,0.28,0.0829495618800927,0.047050438119907306,0.09167169011738696,0,0,0,1.0,0,4176,0,137,157,184,200,HOLD,261,settled,True,13.05,8.855215999999928,29.47415399014571,True,True,False,False,True,0.027682171704114942,0.1,True,0.3244331677098255,12,SUCCESS
l_shape,0,0.4,94.02441069197113,2.5455844122715705,7.199999999999998,2.05875,2.05875,1.320047119236101,0.2229299363057311,6,1.0182337649086282,1.5789473684210527,1.67,2.47,l_shape__a0.40__seed000,1,213.89921974319353,1.2702328693861946,0.4989945975716803,0.39999999999999997,1.2474864939292007,0.9944953059265027,6.014557027381493,0.14397849874182495,0.056560096003001804,1.3287465364882716,0.9875,0.9875,0.29067571309522006,0.28,0.05916781426800013,0.07083218573199987,0.09977045962029207,0,0,0,1.0,0,3712,0,94,108,164,191,HOLD,232,settled,True,11.600000000000001,8.030553199998394,28.889666031979765,True,True,False,False,True,0.0324632912458817,0.1,True,0.32443316770982533,12,SUCCESS
l_shape,1,0.4,207.4825206504869,2.545584412271571,7.199999999999999,2.0587499999999994,2.0587499999999994,1.320047119236072,0.22292993630573055,6,1.0182337649086284,1.5789473684210527,1.67,2.47,l_shape__a0.40__seed001,1,67.05487627201978,1.1963673634003091,0.4699774863614607,0.4,1.1749437159036518,0.9742009138238246,13.043013380514196,0.28801624194929026,0.11314346543011584,1.1378636177110961,1.0,1.0,0.2803936993702439,0.28,0.08063511096067001,0.04936488903932999,0.0954510526478648,0,0,14,0.26953125,4,9968,0,122,129,361,583,HOLD,623,settled,True,31.150000000000002,22.051583700000265,28.251939111293513,False,True,False,False,True,0.0329369745752995,0.1,True,0.32443316770982195,12,CONTRACT_FAILURE
l_shape,2,0.4,173.9164002050729,2.545584412271571,7.199999999999999,2.05875,2.05875,1.3200471192360868,0.222929936305731,6,1.0182337649086284,1.5789473684210527,1.67,2.47,l_shape__a0.40__seed002,1,78.6348106982665,1.1836334842322116,0.4649751461889207,0.4,1.1624378654723018,0.9989774555075269,2.5912884020561338,0.05858095185358342,0.023012771280017493,-0.04316228921443279,1.0,1.0,0.28181596800639896,0.28,0.07958986813376488,0.05041013186623512,0.0920961698363088,0,0,7,0.56640625,0,13920,0,100,689,689,830,HOLD,870,settled,True,43.5,30.440284400001474,28.58054769028235,False,True,False,False,True,0.03427334835873996,0.1,True,0.3244331677098252,12,CONTRACT_FAILURE
l_shape,3,0.4,249.30444502135222,2.5455844122715705,7.1999999999999975,2.058749999999999,2.058749999999999,1.3200471192360852,0.22292993630573066,6,1.0182337649086282,1.5789473684210527,1.67,2.47,l_shape__a0.40__seed003,1,30.576349067927193,1.2395472511139187,0.4869401482576647,0.39999999999999997,1.2173503706441617,0.9716015376523165,13.687313382348977,0.3018782891266637,0.1185889918524762,0.2631077891646596,1.0,1.0,0.280253494154293,0.28,0.07646856290818237,0.05353143709181764,0.09584704859810045,0,0,66,0.0703125,2,8512,0,134,148,336,481,HOLD,532,settled,True,26.6,19.64047749999918,27.08691782060911,False,True,False,False,True,0.029724655921148816,0.1,True,0.32443316770982195,12,CONTRACT_FAILURE
l_shape,4,0.4,229.01050601925087,2.5455844122715705,7.199999999999998,2.058749999999998,2.058749999999998,1.3200471192360732,0.2229299363057311,6,1.0182337649086282,1.5789473684210527,1.67,2.47,l_shape__a0.40__seed004,1,157.4812119101344,1.2651230550272885,0.4969872729140209,0.39999999999999997,1.2424681822850523,0.9967363461333991,4.6302864883414,0.1024624846397898,0.04025106539223214,2.5886341015700762,1.0,1.0,0.2801790403381904,0.28,0.08000656683069785,0.04999343316930216,0.09844254589828562,0,0,0,1.0,0,5488,0,137,157,252,283,HOLD,343,settled,True,17.150000000000002,12.199457900000198,28.116003416839895,True,True,False,False,True,0.029613767149831334,0.1,True,0.3244331677098255,12,SUCCESS
l_shape,0,0.8,94.02441069197113,2.5455844122715705,7.199999999999998,2.05875,2.05875,1.320047119236101,0.2229299363057311,6,2.0364675298172563,1.5789473684210527,1.67,2.47,l_shape__a0.80__seed000,1,213.89921974319353,2.63411211703366,1.0347769668667524,0.7999999999999999,1.2934712085834406,0.9999710097373843,0.4362794472307817,0.14397849874182495,0.056560096003001804,0.17760907468629986,0.90625,0.8875,0.29067571309522006,0.28,0.04855325654942365,0.08144674345057636,0.10580839067877726,0,0,0,1.0,0,4960,0,94,108,217,269,HOLD,310,settled,True,15.5,11.546323999999004,26.848371828127007,True,True,False,False,True,0.03531272900105088,0.1,True,0.32443316770982533,12,SUCCESS
l_shape,1,0.8,207.4825206504869,2.545584412271571,7.199999999999999,2.0587499999999994,2.0587499999999994,1.320047119236072,0.22292993630573055,6,2.0364675298172568,1.5789473684210527,1.67,2.47,l_shape__a0.80__seed001,1,67.05487627201978,2.440582204948848,0.9587512373125261,0.8,1.1984390466406576,0.9897160562060249,8.224137628146522,0.3556044176778196,0.13969460842215536,0.5453871138319444,1.0,1.0,0.2818969326624623,0.28,0.08063511096067001,0.04936488903932999,0.09548279133371082,0,0,38,0.26953125,2,24592,0,122,129,642,1497,HOLD,1537,settled,True,76.85000000000001,56.28229179999835,27.308767124512247,False,True,False,False,True,0.03346799112007333,0.1,True,0.32443316770982195,12,CONTRACT_FAILURE
l_shape,2,0.8,173.9164002050729,2.545584412271571,7.199999999999999,2.05875,2.05875,1.3200471192360868,0.222929936305731,6,2.0364675298172568,1.5789473684210527,1.67,2.47,l_shape__a0.80__seed002,1,78.6348106982665,2.317684339287176,0.9104723960887918,0.8,1.1380904951109898,0.999949795154782,0.5741326741585264,0.07893111874990333,0.031007071841498497,-3.7060679949201183,1.0,0.99375,0.280250986837681,0.28,0.07747197577551768,0.05252802422448233,0.09718197377775936,0,0,10,0.79296875,2,36464,0,100,844,1288,2239,HOLD,2279,settled,True,113.95,81.35574519999864,28.012772723026305,False,True,False,False,True,0.03205994966112223,0.1,True,0.3244331677098252,12,CONTRACT_FAILURE
l_shape,3,0.8,249.30444502135222,2.5455844122715705,7.1999999999999975,2.058749999999999,2.058749999999999,1.3200471192360852,0.22292993630573066,6,2.0364675298172563,1.5789473684210527,1.67,2.47,l_shape__a0.80__seed003,1,30.576349067927193,2.5819095562919014,1.0142698642579744,0.7999999999999999,1.2678373303224681,0.9365880930722918,20.51375416377217,0.9660429336728662,0.37949750517635,0.32707877349799314,1.0,1.0,0.280253494154293,0.28,0.07646856290818237,0.05353143709181764,0.09590021359538406,0,0,60,0.0703125,2,11312,0,134,148,518,667,HOLD,707,settled,True,35.35,25.97171039999921,27.221926823888406,False,True,False,False,True,0.038187840599308354,0.1,True,0.32443316770982195,12,CONTRACT_FAILURE
l_shape,4,0.8,229.01050601925087,2.5455844122715705,7.199999999999998,2.058749999999998,2.058749999999998,1.3200471192360732,0.2229299363057311,6,2.0364675298172563,1.5789473684210527,1.67,2.47,l_shape__a0.80__seed004,1,157.4812119101344,2.542531803013168,0.9988008218294837,0.7999999999999999,1.2485010272868546,0.997989857178544,3.633489121035284,0.16145457797009233,0.0634253482979247,2.5886341015700762,0.9875,0.96875,0.2801790403381904,0.28,0.0829495618800927,0.047050438119907306,0.10075927833736514,0,0,0,1.0,0,6544,0,137,157,309,368,HOLD,409,settled,True,20.450000000000003,14.917164999998931,27.41807843514698,True,True,False,False,True,0.03194238899762652,0.1,True,0.3244331677098255,12,SUCCESS
star10,0,0.1,226.13361443243363,2.102335457073498,7.4144636596349836,1.7438171889341796,1.7438171889341796,1.1052631578947538,0.39962412521438984,10,0.21023354570734978,1.5789473684210527,1.4553,2.2553,star10__a0.10__seed000,1,213.89921974319353,0.25165771494955935,0.11970388174866871,0.1,1.197038817486687,0.9918781626267821,7.307337268827711,0.05348508364957413,0.025440794174696874,-2.149768460397012,0.975,0.9625,0.28000012459853496,0.28,0.08885609958258098,0.04114390041741903,0.08868804654106402,0,0,105,0.0,0,3360,0,72,105,123,144,HOLD,210,settled,True,10.5,7.430403399999705,28.262260969573784,False,True,False,False,True,0.03594223369428043,0.1,True,0.536842105263141,12,CONTRACT_FAILURE
star10,1,0.1,46.300259801862865,2.1023354570734973,7.414463659634983,1.743817188934179,1.743817188934179,1.1052631578948013,0.3996241252143947,10,0.21023354570734976,1.5789473684210527,1.4553,2.2553,star10__a0.10__seed001,1,67.05487627201978,0.2025383627124675,0.09633969784936505,0.1,0.9633969784936504,0.9807767745401859,11.252497800245793,0.04832543725450775,0.022986549121793313,-8.06303667435204,0.9,0.81875,0.2800059964607794,0.28,0.0780093251093203,0.05199067489067971,0.089883004871778,0,0,752,0.046875,51,48000,0,116,301,1349,,BRAKE,3000,watchdog,False,150.0,102.89967400000023,29.15461131587252,False,True,False,False,False,0.4159559293579425,0.1,False,0.5368421052630936,12,MAP_INCOMPLETE
star10,2,0.1,242.90902260917775,2.102335457073498,7.414463659634981,1.7438171889341794,1.7438171889341794,1.105263157894768,0.39962412521438984,10,0.21023354570734978,1.5789473684210527,1.4553,2.2553,star10__a0.10__seed002,1,78.6348106982665,0.01322034077303109,0.006288406889847221,0.1,0.0628840688984722,0.9469903255373903,18.739267244843813,0.01291756984687247,0.006144390422284958,8.76570578520643,0.9625,0.925,0.279999999999999,0.28,0.08976256901691339,0.04023743098308662,0.08673264425309699,0,0,225,0.12109375,33,48000,0,351,2946,,,TRANSPORT,3000,watchdog,False,150.0,108.1027568999998,27.751373656225464,False,True,False,False,True,0.036713446325130274,0.1,True,0.5368421052631264,12,TRANSPORT_STALL
star10,3,0.1,25.05987775937552,2.102335457073498,7.414463659634983,1.7438171889341796,1.7438171889341796,1.105263157894774,0.3996241252143853,10,0.21023354570734978,1.5789473684210527,1.4553,2.2553,star10__a0.10__seed003,1,30.576349067927193,0.2548480178470502,0.12122138595417348,0.1,1.2122138595417349,0.9742475390577893,13.031170983731498,0.058982355702410436,0.02805563474846936,-3.486012001428194,0.9625,0.94375,0.28000111421942825,0.28,0.08810140465071108,0.04189859534928893,0.09117142837319935,0,0,255,0.00390625,20,9312,0,114,291,469,500,HOLD,582,settled,True,29.1,20.05572949999987,29.01913889494789,False,True,False,False,True,0.04685364296454809,0.1,True,0.5368421052631211,12,CONTRACT_FAILURE
star10,4,0.1,257.6166860042555,2.1023354570734973,7.414463659634982,1.743817188934179,1.743817188934179,1.105263157894841,0.39962412521437995,10,0.21023354570734976,1.5789473684210527,1.4553,2.2553,star10__a0.10__seed004,1,157.4812119101344,0.24234163021461372,0.11527257907354102,0.1,1.15272579073541,0.9816555151260139,10.991489363146357,0.04706908487792229,0.022388950687938076,-0.7368453286806619,0.98125,0.96875,0.28172180339040476,0.28,0.09628425255629891,0.033715747443701094,0.09158960158809026,0,0,48,0.1484375,0,3328,0,128,130,156,168,HOLD,208,settled,True,10.4,7.021787300000142,29.62208781231465,False,True,False,False,True,0.03198620963777124,0.1,True,0.5368421052630542,12,CONTRACT_FAILURE
star10,0,0.4,226.13361443243363,2.102335457073498,7.4144636596349836,1.7438171889341796,1.7438171889341796,1.1052631578947538,0.39962412521438984,10,0.8409341828293991,1.5789473684210527,1.4553,2.2553,star10__a0.40__seed000,1,213.89921974319353,0.9857482986674144,0.46888249701101464,0.4,1.1722062425275366,0.9815669469848738,11.018073032079839,0.1921679088716461,0.09140687240234653,-8.640729962866176,0.9625,0.9625,0.2801029835285621,0.28,0.08885609958258098,0.04114390041741903,0.09736217627933372,0,0,125,0.02734375,3,4000,0,72,105,181,209,HOLD,250,settled,True,12.5,8.738085200000569,28.610387090295678,False,True,False,False,True,0.03468435807883066,0.1,True,0.536842105263141,12,CONTRACT_FAILURE
star10,1,0.4,46.300259801862865,2.1023354570734973,7.414463659634983,1.743817188934179,1.743817188934179,1.1052631578948013,0.3996241252143947,10,0.840934182829399,1.5789473684210527,1.4553,2.2553,star10__a0.40__seed001,1,67.05487627201978,0.218506597273896,0.10393517197206129,0.4,0.2598379299301532,0.8868120284588067,27.524658363494748,0.1138668837896106,0.05416209073889478,-22.434573233779506,0.90625,0.825,0.28000581630777666,0.28,0.07764019456732736,0.05235980543267264,0.08988541685202708,0,0,442,0.08203125,75,48000,0,116,301,,,TRANSPORT,3000,watchdog,False,150.0,105.88984920000075,28.331327532006522,False,True,False,False,False,0.533992469947377,0.1,False,0.5368421052630936,12,MAP_INCOMPLETE
star10,2,0.4,242.90902260917775,2.102335457073498,7.414463659634981,1.7438171889341794,1.7438171889341794,1.105263157894768,0.39962412521438984,10,0.8409341828293991,1.5789473684210527,1.4553,2.2553,star10__a0.40__seed002,1,78.6348106982665,0.30262607657960944,0.1439475681967864,0.4,0.359868920491966,0.9286003229164904,21.78232838333325,0.14503604734774483,0.06898806128192242,2.4548867142074653,0.98125,0.94375,0.27999999999999925,0.28,0.08827805145724972,0.041721948542750284,0.0925290750512067,0,0,188,0.1953125,28,48000,0,351,1714,,,TRANSPORT,3000,watchdog,False,150.0,106.29425569999876,28.223538329927223,False,True,False,False,True,0.034587753311462105,0.1,True,0.5368421052631264,12,TRANSPORT_STALL
star10,3,0.4,25.05987775937552,2.102335457073498,7.414463659634983,1.7438171889341796,1.7438171889341796,1.105263157894774,0.3996241252143853,10,0.8409341828293991,1.5789473684210527,1.4553,2.2553,star10__a0.40__seed003,1,30.576349067927193,0.4704867645926068,0.22379243189264184,0.4,0.5594810797316045,0.9909015571016256,7.7348340681378005,0.06390360074631823,0.030396481461276215,-12.668039139288169,1.0,0.95,0.280000071862651,0.28,0.08593528828894437,0.04406471171105564,0.09765080782308913,0,0,1779,0.0,155,48000,0,114,291,,,TRANSPORT,3000,watchdog,False,150.0,106.51631019999877,28.16470073331581,False,True,False,False,True,0.037395907869954996,0.1,True,0.5368421052631211,12,TRANSPORT_STALL
star10,4,0.4,257.6166860042555,2.1023354570734973,7.414463659634982,1.743817188934179,1.743817188934179,1.105263157894841,0.39962412521437995,10,0.840934182829399,1.5789473684210527,1.4553,2.2553,star10__a0.40__seed004,1,157.4812119101344,0.9567927463093535,0.45510945605285685,0.4,1.1377736401321419,0.988612673162697,8.654889099666889,0.1456390022715612,0.06927486371480139,-1.26295418071811,0.96875,0.94375,0.2805231225505574,0.28,0.08867425846559172,0.04132574153440828,0.09638093568582261,0,0,89,0.40625,6,5136,0,128,130,208,281,HOLD,321,settled,True,16.05,10.995184400000653,29.1945990464681,False,True,False,False,True,0.03457834544479594,0.1,True,0.5368421052630542,12,CONTRACT_FAILURE
star10,0,0.8,226.13361443243363,2.102335457073498,7.4144636596349836,1.7438171889341796,1.7438171889341796,1.1052631578947538,0.39962412521438984,10,1.6818683656587983,1.5789473684210527,1.4553,2.2553,star10__a0.80__seed000,1,213.89921974319353,1.9455854254495326,0.9254400475925164,0.8,1.1568000594906456,0.9768311193716315,12.357546421433332,0.4262536669485988,0.20275245109643647,-12.979076491649812,0.96875,0.9625,0.2800579145405787,0.28,0.0764231970837765,0.05357680291622351,0.09736217627933372,0,0,131,0.02734375,4,5312,0,72,105,237,292,HOLD,332,settled,True,16.6,11.665325699999812,28.46041409713964,False,True,False,False,True,0.034487176115130996,0.1,True,0.536842105263141,12,CONTRACT_FAILURE
star10,1,0.8,46.300259801862865,2.1023354570734973,7.414463659634983,1.743817188934179,1.743817188934179,1.1052631578948013,0.3996241252143947,10,1.681868365658798,1.5789473684210527,1.4553,2.2553,star10__a0.80__seed001,1,67.05487627201978,0.218506597273896,0.10393517197206129,0.8,0.1299189649650766,0.8868120284588067,27.524658363494748,0.1138668837896106,0.05416209073889478,-22.434573233779506,0.90625,0.825,0.28000581630777666,0.28,0.07764019456732736,0.05235980543267264,0.08988541685202708,0,0,442,0.08203125,75,48000,0,116,301,,,TRANSPORT,3000,watchdog,False,150.0,104.42801130000043,28.72792426719312,False,True,False,False,False,0.533992469947377,0.1,False,0.5368421052630936,12,MAP_INCOMPLETE
star10,2,0.8,242.90902260917775,2.102335457073498,7.414463659634981,1.7438171889341794,1.7438171889341794,1.105263157894768,0.39962412521438984,10,1.6818683656587983,1.5789473684210527,1.4553,2.2553,star10__a0.80__seed002,1,78.6348106982665,0.30262607657960944,0.1439475681967864,0.8,0.179934460245983,0.9286003229164904,21.78232838333325,0.14503604734774483,0.06898806128192242,2.4548867142074653,0.98125,0.94375,0.27999999999999925,0.28,0.08827805145724972,0.041721948542750284,0.0925290750512067,0,0,188,0.1953125,28,48000,0,351,1714,,,TRANSPORT,3000,watchdog,False,150.0,108.56821479999962,27.632396880859556,False,True,False,False,True,0.034587753311462105,0.1,True,0.5368421052631264,12,TRANSPORT_STALL
star10,3,0.8,25.05987775937552,2.102335457073498,7.414463659634983,1.7438171889341796,1.7438171889341796,1.105263157894774,0.3996241252143853,10,1.6818683656587983,1.5789473684210527,1.4553,2.2553,star10__a0.80__seed003,1,30.576349067927193,0.4704867645926068,0.22379243189264184,0.8,0.2797405398658023,0.9909015571016256,7.7348340681378005,0.06390360074631823,0.030396481461276215,-12.668039139288169,1.0,0.95,0.280000071862651,0.28,0.08593528828894437,0.04406471171105564,0.09765080782308913,0,0,1779,0.0,155,48000,0,114,291,,,TRANSPORT,3000,watchdog,False,150.0,107.5417524000004,27.896142038317656,False,True,False,False,True,0.037395907869954996,0.1,True,0.5368421052631211,12,TRANSPORT_STALL
star10,4,0.8,257.6166860042555,2.1023354570734973,7.414463659634982,1.743817188934179,1.743817188934179,1.105263157894841,0.39962412521437995,10,1.681868365658798,1.5789473684210527,1.4553,2.2553,star10__a0.80__seed004,1,157.4812119101344,1.9416461804620804,0.923566300482274,0.8,1.1544578756028423,0.9962614925202251,4.955895623779486,0.17681891546205153,0.08410594744389072,2.3878238326634427,0.9875,0.95625,0.2800000004401302,0.28,0.08742531639233415,0.04257468360766585,0.09680501346932438,0,0,444,0.0,11,12400,0,128,130,359,735,HOLD,775,settled,True,38.75,27.393064399999275,28.291832877230796,False,True,False,False,True,0.032461772386694586,0.1,True,0.5368421052630542,12,CONTRACT_FAILURE
concave_random15,0,0.1,96.50038485920508,1.9947472645873217,7.143178631983274,1.7930390222620838,1.7930390222620838,1.060079840140356,0.2528378713736844,15,0.19947472645873218,1.5789473684210527,1.4101,2.2101,concave_random15__a0.10__seed000,1,213.89921974319353,0.2251871887566363,0.11289008525259142,0.1,1.128900852525914,0.9999570725455345,0.5308926979375826,0.006775251252924802,0.0033965462057302196,-3.9222367033294097,0.9875,0.975,0.2804035180686062,0.28,0.09469188306555916,0.035308116934440845,0.0907416011557117,0,0,5,0.80078125,1,2832,0,101,102,127,137,HOLD,177,settled,True,8.85,6.118759999999384,28.927429740669325,False,True,False,False,True,0.033393500430656795,0.1,True,0.3902860003820267,12,CONTRACT_FAILURE
concave_random15,1,0.1,288.9900241593214,2.1421110184832073,8.228126754598273,1.8124948360705133,1.8124948360705133,1.10766796698048,0.34404018317618934,15,0.21421110184832073,1.5789473684210527,1.4577,2.2577,concave_random15__a0.10__seed001,1,67.05487627201978,0.20310575595592398,0.09481570012171439,0.1,0.9481570012171439,0.8741996872401697,29.04960007458142,0.11281331875311416,0.052664552761133444,-13.454225743981223,1.0,1.0,0.2805035456917839,0.28,0.08485909625144494,0.04514090374855506,0.0911054115370042,0,0,72,0.51953125,0,20096,0,121,122,782,1216,HOLD,1256,settled,True,62.800000000000004,47.95768320000025,26.189755555163966,False,True,False,False,True,0.032296706167270414,0.1,True,0.31891722749110973,14,CONTRACT_FAILURE
concave_random15,2,0.1,101.29510715168155,1.957843950922477,6.9488935501735005,1.6252596970686337,1.6252596970686337,1.004736950175841,0.2823658976345341,15,0.1957843950922477,1.5789473684210527,1.3547,2.1547,concave_random15__a0.10__seed002,1,78.6348106982665,0.23623572865982273,0.1206611632906267,0.1,1.206611632906267,0.7933280018479055,37.50238475438851,0.18128567250447822,0.09259454637284135,-0.7753015585543594,1.0,1.0,0.280085413567739,0.28,0.08781773266392763,0.042182267336072374,0.09240369717756516,0,0,3,0.92578125,0,20128,0,113,130,1015,1218,HOLD,1258,settled,True,62.900000000000006,44.8518339000002,28.047905528339932,False,True,False,False,True,0.03326109019594449,0.1,True,0.37609853636584173,12,CONTRACT_FAILURE
concave_random15,3,0.1,329.9474278057181,1.938152314993001,7.2196449020667295,1.7519352930396557,1.7519352930396557,1.0697549335063803,0.289700359021395,15,0.1938152314993001,1.5789473684210527,1.4198,2.2198,concave_random15__a0.10__seed003,1,30.576349067927193,0.01590540678376013,0.008206479264152966,0.1,0.08206479264152966,0.719659651226255,43.97361224104141,0.015979204709767672,0.00824455569676183,1.1978121581595986,1.0,0.95625,0.2800030834569757,0.28,0.0864406197887129,0.04355938021128711,0.08803810095742497,0,0,891,0.00390625,15,48000,0,474,790,,,TRANSPORT,3000,watchdog,False,150.0,106.00556119999965,28.300402035888755,False,True,False,False,True,0.030670205002599565,0.1,True,0.4298395915222058,12,TRANSPORT_STALL
concave_random15,4,0.1,113.58251687542312,1.9207270781335861,6.732863223424166,1.8530053420927104,1.8530053420927104,1.0057359830822343,0.2297427771322218,15,0.1920727078133586,1.5789473684210527,1.3557,2.1557,concave_random15__a0.10__seed004,1,157.4812119101344,0.23349006216143559,0.12156337296411895,0.1,1.2156337296411897,0.9758266717757658,12.623640551841172,0.05231242393341564,0.027235740324048956,-0.10257076231601192,1.0,1.0,0.28217766033924335,0.28,0.08904526382155634,0.04095473617844367,0.0896226775710078,0,0,38,0.12109375,0,3456,0,109,117,150,176,HOLD,216,settled,True,10.8,7.230492900000172,29.873482069250752,False,True,False,False,True,0.03090924811467709,0.1,True,0.48325294026424287,11,CONTRACT_FAILURE
concave_random15,0,0.4,96.50038485920508,1.9947472645873217,7.143178631983274,1.7930390222620838,1.7930390222620838,1.060079840140356,0.2528378713736844,15,0.7978989058349287,1.5789473684210527,1.4101,2.2101,concave_random15__a0.40__seed000,1,213.89921974319353,0.9036597544297843,0.45301967345559224,0.4,1.1325491836389805,0.9949884050773021,5.738615844208873,0.09081238659939533,0.04552576068737351,-6.6627789851491315,1.0,1.0,0.2804035180686062,0.28,0.09469188306555916,0.035308116934440845,0.0948108082491307,0,0,5,0.80078125,1,3840,0,101,102,172,200,HOLD,240,settled,True,12.0,8.07534029999988,29.72010975190774,False,True,False,False,True,0.030147568629402138,0.1,True,0.3902860003820267,12,CONTRACT_FAILURE
concave_random15,1,0.4,288.9900241593214,2.1421110184832073,8.228126754598273,1.8124948360705133,1.8124948360705133,1.10766796698048,0.34404018317618934,15,0.8568444073932829,1.5789473684210527,1.4577,2.2577,concave_random15__a0.40__seed001,1,67.05487627201978,0.47870455068846873,0.22347326845245927,0.4,0.5586831711311482,0.9743046145434294,13.016659902592686,0.11066433924474217,0.051661346349407104,-12.314293528296627,1.0,0.99375,0.280329827124048,0.28,0.07920674229299063,0.050793257707009376,0.09050169724908332,0,0,95,0.29296875,1,48000,0,121,122,,,TRANSPORT,3000,watchdog,False,150.0,112.6219388999998,26.637793926312924,False,True,False,False,True,0.032290548855858914,0.1,True,0.31891722749110973,14,TRANSPORT_STALL
concave_random15,2,0.4,101.29510715168155,1.957843950922477,6.9488935501735005,1.6252596970686337,1.6252596970686337,1.004736950175841,0.2823658976345341,15,0.7831375803689908,1.5789473684210527,1.3547,2.1547,concave_random15__a0.40__seed002,1,78.6348106982665,0.7321592859685436,0.3739620236963075,0.4,0.9349050592407687,0.8222059999330396,34.693763586243314,0.510235434061635,0.26061087954493384,-7.004752078806812,1.0,1.0,0.28002051807165995,0.28,0.07382305999817636,0.05617694000182365,0.090684172846656,0,0,5,0.84765625,1,48000,0,113,130,2276,,BRAKE,3000,watchdog,False,150.0,109.34298500000114,27.43660235725199,False,True,False,False,True,0.031097802845195102,0.1,True,0.37609853636584173,12,TRANSPORT_STALL
concave_random15,3,0.4,329.9474278057181,1.938152314993001,7.2196449020667295,1.7519352930396557,1.7519352930396557,1.0697549335063803,0.289700359021395,15,0.7752609259972004,1.5789473684210527,1.4198,2.2198,concave_random15__a0.40__seed003,1,30.576349067927193,0.0595322333094467,0.030715972552271615,0.4,0.07678993138067902,0.7432859149047502,41.98791749255862,0.09848188873234728,0.05081225452226799,5.425009188773355,1.0,1.0,0.2800030834569757,0.28,0.07944534920259867,0.05055465079740133,0.09097813668856528,0,0,1157,0.0,12,48000,0,474,618,,,TRANSPORT,3000,watchdog,False,150.0,105.90188979999948,28.328106379080072,False,True,False,False,True,0.03213410167153893,0.1,True,0.4298395915222058,12,TRANSPORT_STALL
concave_random15,4,0.4,113.58251687542312,1.9207270781335861,6.732863223424166,1.8530053420927104,1.8530053420927104,1.0057359830822343,0.2297427771322218,15,0.7682908312534344,1.5789473684210527,1.3557,2.1557,concave_random15__a0.40__seed004,1,157.4812119101344,0.9037323275143064,0.4705157426074732,0.4,1.176289356518683,0.9686213765224766,14.391192901206859,0.2347634467739642,0.12222634305863442,1.723599417764157,1.0,1.0,0.28217756159389107,0.28,0.08805524624000148,0.041944753759998524,0.09488545906918178,0,0,52,0.12109375,4,4512,0,109,118,194,240,HOLD,282,settled,True,14.100000000000001,9.393504600000597,30.020744334333116,False,True,False,False,True,0.031286546692194654,0.1,True,0.48325294026424287,11,CONTRACT_FAILURE
concave_random15,0,0.8,96.50038485920508,1.9947472645873217,7.143178631983274,1.7930390222620838,1.7930390222620838,1.060079840140356,0.2528378713736844,15,1.5957978116698575,1.5789473684210527,1.4101,2.2101,concave_random15__a0.80__seed000,1,213.89921974319353,1.8917294130052602,0.9483554365954355,0.8,1.1854442957442943,0.9941339773199204,6.209005238464159,0.23346846745216154,0.11704162807836314,-7.41072249330626,1.0,1.0,0.2801486332671301,0.28,0.09469188306555916,0.035308116934440845,0.09531392611839638,0,0,18,0.55078125,1,7520,0,101,102,226,286,HOLD,470,settled,True,23.5,15.748488500001258,29.84413393069198,False,True,False,False,True,0.031059092545366023,0.1,True,0.3902860003820267,12,CONTRACT_FAILURE
concave_random15,1,0.8,288.9900241593214,2.1421110184832073,8.228126754598273,1.8124948360705133,1.8124948360705133,1.10766796698048,0.34404018317618934,15,1.7136888147865659,1.5789473684210527,1.4577,2.2577,concave_random15__a0.80__seed001,1,67.05487627201978,0.47870455068846873,0.22347326845245927,0.8,0.2793415855655741,0.9743046145434294,13.016659902592686,0.11066433924474217,0.051661346349407104,-12.314293528296627,1.0,0.99375,0.280329827124048,0.28,0.07920674229299063,0.050793257707009376,0.09050169724908332,0,0,95,0.29296875,1,48000,0,121,122,,,TRANSPORT,3000,watchdog,False,150.0,112.70912439999847,26.617188412831293,False,True,False,False,True,0.032290548855858914,0.1,True,0.31891722749110973,14,TRANSPORT_STALL
concave_random15,2,0.8,101.29510715168155,1.957843950922477,6.9488935501735005,1.6252596970686337,1.6252596970686337,1.004736950175841,0.2823658976345341,15,1.5662751607379817,1.5789473684210527,1.3547,2.1547,concave_random15__a0.80__seed002,1,78.6348106982665,0.8261799015130933,0.4219845514877844,0.8,0.5274806893597305,0.8180412557532648,35.11080609669216,0.5808817759590779,0.2966946245564586,-7.107677469549243,1.0,1.0,0.28002051807165995,0.28,0.07429602094178124,0.055703979058218764,0.090684172846656,0,0,5,0.84765625,1,48000,0,113,130,,,TRANSPORT,3000,watchdog,False,150.0,109.03457929999968,27.514207137404977,False,True,False,False,True,0.03159624679774154,0.1,True,0.37609853636584173,12,TRANSPORT_STALL
concave_random15,3,0.8,329.9474278057181,1.938152314993001,7.2196449020667295,1.7519352930396557,1.7519352930396557,1.0697549335063803,0.289700359021395,15,1.5505218519944008,1.5789473684210527,1.4198,2.2198,concave_random15__a0.80__seed003,1,30.576349067927193,0.0595322333094467,0.030715972552271615,0.8,0.03839496569033951,0.7432859149047502,41.98791749255862,0.09848188873234728,0.05081225452226799,5.425009188773355,1.0,1.0,0.2800030834569757,0.28,0.07944534920259867,0.05055465079740133,0.09097813668856528,0,0,1157,0.0,12,48000,0,474,618,,,TRANSPORT,3000,watchdog,False,150.0,106.66598990000057,28.12517844546797,False,True,False,False,True,0.03213410167153893,0.1,True,0.4298395915222058,12,TRANSPORT_STALL
concave_random15,4,0.8,113.58251687542312,1.9207270781335861,6.732863223424166,1.8530053420927104,1.8530053420927104,1.0057359830822343,0.2297427771322218,15,1.536581662506869,1.5789473684210527,1.3557,2.1557,concave_random15__a0.80__seed004,1,157.4812119101344,1.7902731174247752,0.9320809488271619,0.8,1.1651011860339524,0.934380155611665,20.871765564828216,0.682628154172754,0.3554009114278116,7.383019121825695,1.0,1.0,0.28217756159389107,0.28,0.08904526382155634,0.04095473617844367,0.09853611361317585,0,0,52,0.08984375,4,6272,0,109,118,287,352,HOLD,392,settled,True,19.6,13.285502200000337,29.505847358934616,False,True,False,False,True,0.031176425441367367,0.1,True,0.48325294026424287,11,CONTRACT_FAILURE
