t,pid,cpu_percent,rss,children
1789475806.9785733,38444,None,None,None
1789475808.986801,38444,None,None,None
1789475810.9889858,38444,None,None,None
1789475812.997108,38444,None,None,None
1789475815.0022726,38444,None,None,None
1789475817.010574,38444,None,None,None
1789475819.0149486,38444,None,None,None
1789475821.023029,38444,None,None,None
1789475823.0339007,38444,None,None,None
1789475825.0482607,38444,None,None,None
1789475827.0599947,38444,None,None,None
1789475829.0651832,38444,None,None,None
1789475831.0734453,38444,None,None,None
1789475833.080375,38444,None,None,None
1789475835.0949953,38444,None,None,None
1789475837.1007528,38444,None,None,None
1789475839.106186,38444,None,None,None
1789475841.120028,38444,None,None,None
1789475843.1277518,38444,None,None,None
1789475845.1378927,38444,None,None,None
1789475847.1467154,38444,None,None,None
1789475849.1598358,38444,None,None,None
1789475851.1707754,38444,None,None,None
1789475853.181329,38444,None,None,None
1789475855.184387,38444,None,None,None
1789475857.187005,38444,None,None,None
1789475859.1982138,38444,None,None,None
1789475861.2132664,38444,None,None,None
1789475863.225798,38444,None,None,None
1789475865.2362034,38444,None,None,None
1789475867.23807,38444,None,None,None
1789475869.2438872,38444,None,None,None
1789475871.2459517,38444,None,None,None
1789475873.247749,38444,None,None,None
1789475875.257265,38444,None,None,None
1789475877.264597,38444,None,None,None
1789475879.274458,38444,None,None,None
1789475881.2872424,38444,None,None,None
1789475883.2911797,38444,None,None,None
1789475885.3040218,38444,None,None,None
1789475887.3083413,38444,None,None,None
1789475889.3110077,38444,None,None,None
1789475891.311401,38444,None,None,None
1789475893.3186402,38444,None,None,None
1789475895.3201776,38444,None,None,None
1789475897.3226213,38444,None,None,None
1789475899.3277342,38444,None,None,None
1789475901.3342347,38444,None,None,None
1789475903.3466294,38444,None,None,None
1789475905.3600204,38444,None,None,None
1789475907.3747413,38444,None,None,None
1789475909.381328,38444,None,None,None
1789475911.384788,38444,None,None,None
1789475913.3968134,38444,None,None,None
1789475915.3980224,38444,None,None,None
1789475917.40835,38444,None,None,None
1789475919.415439,38444,None,None,None
1789475921.429054,38444,None,None,None
1789475923.4426038,38444,None,None,None
1789475925.4575603,38444,None,None,None
1789475927.4619944,38444,None,None,None
1789475929.4732802,38444,None,None,None
1789475931.475432,38444,None,None,None
1789475933.4861486,38444,None,None,None
1789475935.4964497,38444,None,None,None
1789475937.5041203,38444,None,None,None
1789475939.5176415,38444,None,None,None
1789475941.520726,38444,None,None,None
1789475943.52132,38444,None,None,None
1789475945.5244038,38444,None,None,None
1789475947.5313838,38444,None,None,None
1789475949.5407069,38444,None,None,None
1789475951.5465028,38444,None,None,None
1789475953.5607831,38444,None,None,None
1789475955.572148,38444,None,None,None
1789475957.578309,38444,None,None,None
1789475959.5883076,38444,None,None,None
1789475961.5968988,38444,None,None,None
1789475963.599954,38444,None,None,None
1789475965.6008115,38444,None,None,None
1789475967.6160142,38444,None,None,None
1789475969.6246917,38444,None,None,None
1789475971.6366727,38444,None,None,None
1789475973.647593,38444,None,None,None
1789475975.651934,38444,None,None,None
1789475977.6612833,38444,None,None,None
1789475979.6623106,38444,None,None,None
1789475981.6641624,38444,None,None,None
1789475983.67725,38444,None,None,None
1789475985.6861136,38444,None,None,None
1789475987.6973839,38444,None,None,None
1789475989.7087307,38444,None,None,None
1789475991.7196395,38444,None,None,None
1789475993.7284815,38444,None,None,None
1789475995.7307441,38444,None,None,None
1789475997.7312145,38444,None,None,None
1789475999.7320986,38444,None,None,None
1789476001.7412431,38444,None,None,None
1789476003.75391,38444,None,None,None
1789476005.7563424,38444,None,None,None
1789476007.7587805,38444,None,None,None
1789476009.763446,38444,None,None,None
1789476011.7687733,38444,None,None,None
1789476013.781408,38444,None,None,None
1789476015.794511,38444,None,None,None
1789476017.804881,38444,None,None,None
1789476019.8049912,38444,None,None,None
1789476021.805614,38444,None,None,None
1789476023.8162682,38444,None,None,None
1789476025.83176,38444,None,None,None
1789476027.836318,38444,None,None,None
1789476029.8424523,38444,None,None,None
1789476031.8547106,38444,None,None,None
1789476033.864509,38444,None,None,None
1789476035.8732522,38444,None,None,None
1789476037.8822806,38444,None,None,None
1789476039.8879566,38444,None,None,None
1789476041.9034362,38444,None,None,None
1789476043.9167893,38444,None,None,None
1789476045.9214113,38444,None,None,None
1789476047.9268265,38444,None,None,None
1789476049.9401536,38444,None,None,None
1789476051.9549112,38444,None,None,None
1789476053.9618375,38444,None,None,None
1789476055.964674,38444,None,None,None
1789476057.971781,38444,None,None,None
1789476059.9798174,38444,None,None,None
1789476061.9819155,38444,None,None,None
1789476063.9861705,38444,None,None,None
1789476066.0001886,38444,None,None,None
1789476068.0007205,38444,None,None,None
1789476070.0148475,38444,None,None,None
1789476072.0161438,38444,None,None,None
1789476074.0226386,38444,None,None,None
1789476076.023325,38444,None,None,None
1789476078.0258272,38444,None,None,None
1789476080.032299,38444,None,None,None
1789476082.0471141,38444,None,None,None
1789476084.0622206,38444,None,None,None
1789476086.077242,38444,None,None,None
1789476088.08784,38444,None,None,None
1789476090.1009111,38444,None,None,None
1789476092.1012204,38444,None,None,None
1789476094.1074007,38444,None,None,None
1789476096.1222286,38444,None,None,None
1789476098.1242816,38444,None,None,None
1789476100.1361895,38444,None,None,None
1789476102.1422284,38444,None,None,None
1789476104.1553931,38444,None,None,None
1789476106.158371,38444,None,None,None
1789476108.1705477,38444,None,None,None
1789476110.185765,38444,None,None,None
1789476112.1995943,38444,None,None,None
1789476114.2036376,38444,None,None,None
1789476116.2149515,38444,None,None,None
1789476118.2190907,38444,None,None,None
1789476120.2202544,38444,None,None,None
1789476122.2252243,38444,None,None,None
1789476124.2326055,38444,None,None,None
1789476126.238778,38444,None,None,None
1789476128.2444005,38444,None,None,None
1789476130.2499912,38444,None,None,None
1789476132.2651446,38444,None,None,None
1789476134.267172,38444,None,None,None
1789476136.2693243,38444,None,None,None
1789476138.2800484,38444,None,None,None
1789476140.2863998,38444,None,None,None
1789476142.3007884,38444,None,None,None
1789476144.3091118,38444,None,None,None
1789476146.3114219,38444,None,None,None
1789476148.3173423,38444,None,None,None
1789476150.325017,38444,None,None,None
1789476152.3254538,38444,None,None,None
1789476154.3345065,38444,None,None,None
1789476156.3429344,38444,None,None,None
1789476158.3547716,38444,None,None,None
1789476160.361275,38444,None,None,None
1789476162.363948,38444,None,None,None
1789476164.371745,38444,None,None,None
1789476166.3824234,38444,None,None,None
1789476168.3841686,38444,None,None,None
1789476170.3889792,38444,None,None,None
1789476172.3900948,38444,None,None,None
1789476174.390603,38444,None,None,None
1789476176.4008412,38444,None,None,None
1789476178.4172993,38444,None,None,None
1789476180.426039,38444,None,None,None
1789476182.4408376,38444,None,None,None
1789476184.447722,38444,None,None,None
1789476186.452141,38444,None,None,None
1789476188.4635699,38444,None,None,None
1789476190.4792645,38444,None,None,None
1789476192.4831448,38444,None,None,None
1789476194.4943385,38444,None,None,None
1789476196.5034013,38444,None,None,None
1789476198.5054393,38444,None,None,None
1789476200.5180986,38444,None,None,None
1789476202.5201623,38444,None,None,None
1789476204.526045,38444,None,None,None
1789476206.5412724,38444,None,None,None
1789476208.5472662,38444,None,None,None
1789476210.562845,38444,None,None,None
1789476212.567928,38444,None,None,None
1789476214.5829191,38444,None,None,None
1789476216.591733,38444,None,None,None
1789476218.6058338,38444,None,None,None
1789476220.60991,38444,None,None,None
1789476222.6127353,38444,None,None,None
1789476224.6139073,38444,None,None,None
1789476226.6249595,38444,None,None,None
1789476228.6271935,38444,None,None,None
1789476230.6278157,38444,None,None,None
1789476232.6351204,38444,None,None,None
1789476234.6469162,38444,None,None,None
1789476236.6612825,38444,None,None,None
1789476238.661969,38444,None,None,None
1789476240.676183,38444,None,None,None
1789476242.6838334,38444,None,None,None
1789476244.6849902,38444,None,None,None
1789476246.6960304,38444,None,None,None
1789476248.6986854,38444,None,None,None
1789476250.7079291,38444,None,None,None
1789476252.7217155,38444,None,None,None
1789476254.7258701,38444,None,None,None
1789476256.7305827,38444,None,None,None
1789476258.7323163,38444,None,None,None
1789476260.7359347,38444,None,None,None
1789476262.7497878,38444,None,None,None
1789476264.7519844,38444,None,None,None
1789476266.7639596,38444,None,None,None
1789476268.772694,38444,None,None,None
1789476270.7812169,38444,None,None,None
1789476272.7901847,38444,None,None,None
1789476274.7979906,38444,None,None,None
1789476276.8038964,38444,None,None,None
1789476278.8117125,38444,None,None,None
1789476280.822935,38444,None,None,None
1789476282.8254478,38444,None,None,None
1789476284.8404722,38444,None,None,None
1789476286.853097,38444,None,None,None
1789476288.8644176,38444,None,None,None
1789476290.8752882,38444,None,None,None
1789476292.8894062,38444,None,None,None
1789476294.8960972,38444,None,None,None
1789476296.8999918,38444,None,None,None
1789476298.9019146,38444,None,None,None
1789476300.913402,38444,None,None,None
1789476302.9210079,38444,None,None,None
1789476304.9258165,38444,None,None,None
1789476306.9297504,38444,None,None,None
1789476308.9365568,38444,None,None,None
1789476310.9411316,38444,None,None,None
1789476312.9479578,38444,None,None,None
1789476314.950131,38444,None,None,None
1789476316.9530513,38444,None,None,None
1789476318.9649947,38444,None,None,None
1789476320.9731343,38444,None,None,None
1789476322.975526,38444,None,None,None
1789476324.9804432,38444,None,None,None
1789476326.980424,38444,None,None,None
1789476328.9910147,38444,None,None,None
1789476330.992385,38444,None,None,None
1789476332.9963872,38444,None,None,None
1789476335.005679,38444,None,None,None
1789476337.006266,38444,None,None,None
1789476339.0101917,38444,None,None,None
1789476341.0139139,38444,None,None,None
1789476343.020014,38444,None,None,None
1789476345.028263,38444,None,None,None
1789476347.035581,38444,None,None,None
1789476349.048212,38444,None,None,None
1789476351.054014,38444,None,None,None
1789476353.0595887,38444,None,None,None
1789476355.0595686,38444,None,None,None
1789476357.0637507,38444,None,None,None
1789476359.0760355,38444,None,None,None
1789476361.07935,38444,None,None,None
1789476363.0848804,38444,None,None,None
1789476365.0959473,38444,None,None,None
1789476367.0992148,38444,None,None,None
1789476369.1052754,38444,None,None,None
1789476371.113121,38444,None,None,None
1789476373.113265,38444,None,None,None
1789476375.1202745,38444,None,None,None
1789476377.1261718,38444,None,None,None
1789476379.1394124,38444,None,None,None
1789476381.148358,38444,None,None,None
1789476383.1615088,38444,None,None,None
1789476385.1710048,38444,None,None,None
1789476387.1717203,38444,None,None,None
1789476389.1801708,38444,None,None,None
1789476391.1854541,38444,None,None,None
1789476393.1892962,38444,None,None,None
1789476395.2003007,38444,None,None,None
1789476397.207423,38444,None,None,None
1789476399.216744,38444,None,None,None
1789476401.225584,38444,None,None,None
1789476403.2315571,38444,None,None,None
1789476405.241383,38444,None,None,None
1789476407.2531843,38444,None,None,None
1789476409.2643437,38444,None,None,None
1789476411.2731073,38444,None,None,None
1789476413.2868876,38444,None,None,None
1789476415.2992094,38444,None,None,None
1789476417.3036978,38444,None,None,None
1789476419.311045,38444,None,None,None
1789476421.3204494,38444,None,None,None
1789476423.328185,38444,None,None,None
1789476425.3404317,38444,None,None,None
1789476427.3463368,38444,None,None,None
1789476429.3556242,38444,None,None,None
1789476431.3636808,38444,None,None,None
1789476433.3699296,38444,None,None,None
1789476435.378023,38444,None,None,None
1789476437.38764,38444,None,None,None
1789476439.3984928,38444,None,None,None
1789476441.4102712,38444,None,None,None
1789476443.420649,38444,None,None,None
1789476445.4311569,38444,None,None,None
1789476447.4447527,38444,None,None,None
1789476449.45545,38444,None,None,None
1789476451.4662554,38444,None,None,None
1789476453.4733615,38444,None,None,None
1789476455.4771988,38444,None,None,None
1789476457.4866025,38444,None,None,None
1789476459.493588,38444,None,None,None
1789476461.5006168,38444,None,None,None
1789476463.5102692,38444,None,None,None
1789476465.5143034,38444,None,None,None
1789476467.517589,38444,None,None,None
1789476469.5178611,38444,None,None,None
1789476471.532357,38444,None,None,None
1789476473.537667,38444,None,None,None
1789476475.547809,38444,None,None,None
1789476477.56105,38444,None,None,None
1789476479.5732985,38444,None,None,None
1789476481.585596,38444,None,None,None
1789476483.5934792,38444,None,None,None
1789476485.598476,38444,None,None,None
1789476487.6122928,38444,None,None,None
1789476489.6266332,38444,None,None,None
1789476491.6346867,38444,None,None,None
1789476493.6416187,38444,None,None,None
1789476495.6522968,38444,None,None,None
1789476497.6649282,38444,None,None,None
1789476499.6793575,38444,None,None,None
1789476501.684596,38444,None,None,None
1789476503.6962848,38444,None,None,None
1789476505.705636,38444,None,None,None
1789476507.7138274,38444,None,None,None
1789476509.726689,38444,None,None,None
1789476511.7292082,38444,None,None,None
1789476513.740453,38444,None,None,None
1789476515.7520046,38444,None,None,None
1789476517.758264,38444,None,None,None
1789476519.7615197,38444,None,None,None
1789476521.77472,38444,None,None,None
1789476523.783122,38444,None,None,None
1789476525.7978287,38444,None,None,None
1789476527.800424,38444,None,None,None
1789476529.8106742,38444,None,None,None
1789476531.8234196,38444,None,None,None
1789476533.8277853,38444,None,None,None
1789476535.8373215,38444,None,None,None
1789476537.8522022,38444,None,None,None
1789476539.8571203,38444,None,None,None
1789476541.8674862,38444,None,None,None
1789476543.8731594,38444,None,None,None
1789476545.8838136,38444,None,None,None
1789476547.89258,38444,None,None,None
1789476549.900843,38444,None,None,None
1789476551.9070024,38444,None,None,None
1789476553.9183795,38444,None,None,None
1789476555.919464,38444,None,None,None
1789476557.930445,38444,None,None,None
1789476559.9432893,38444,None,None,None
1789476561.9541976,38444,None,None,None
1789476563.9579673,38444,None,None,None
1789476565.9592476,38444,None,None,None
1789476567.9602842,38444,None,None,None
1789476569.9738443,38444,None,None,None
1789476571.9803724,38444,None,None,None
1789476573.9884312,38444,None,None,None
1789476575.99513,38444,None,None,None
1789476578.0063434,38444,None,None,None
1789476580.0194886,38444,None,None,None
1789476582.027681,38444,None,None,None
1789476584.0344832,38444,None,None,None
1789476586.047546,38444,None,None,None
1789476588.0547285,38444,None,None,None
1789476590.0566394,38444,None,None,None
1789476592.0627205,38444,None,None,None
1789476594.0724645,38444,None,None,None
1789476596.0746179,38444,None,None,None
1789476598.0845604,38444,None,None,None
1789476600.0882359,38444,None,None,None
1789476602.0965958,38444,None,None,None
1789476604.1067448,38444,None,None,None
1789476606.1076138,38444,None,None,None
1789476608.1083517,38444,None,None,None
1789476610.114517,38444,None,None,None
1789476612.1226761,38444,None,None,None
1789476614.123354,38444,None,None,None
1789476616.1336188,38444,None,None,None
1789476618.1415493,38444,None,None,None
1789476620.1551971,38444,None,None,None
1789476622.161546,38444,None,None,None
1789476624.1767478,38444,None,None,None
1789476626.1821408,38444,None,None,None
1789476628.186534,38444,None,None,None
1789476630.1945472,38444,None,None,None
1789476632.2042778,38444,None,None,None
1789476634.2114663,38444,None,None,None
1789476636.2233727,38444,None,None,None
1789476638.2322466,38444,None,None,None
1789476640.2401931,38444,None,None,None
1789476642.2462103,38444,None,None,None
1789476644.257832,38444,None,None,None
1789476646.2697792,38444,None,None,None
1789476648.2746801,38444,None,None,None
1789476650.2767045,38444,None,None,None
1789476652.2826946,38444,None,None,None
1789476654.2976067,38444,None,None,None
1789476656.305223,38444,None,None,None
1789476658.313739,38444,None,None,None
1789476660.319226,38444,None,None,None
1789476662.3291707,38444,None,None,None
1789476664.337602,38444,None,None,None
1789476666.3400195,38444,None,None,None
1789476668.3462765,38444,None,None,None
1789476670.3531337,38444,None,None,None
1789476672.3672624,38444,None,None,None
1789476674.378052,38444,None,None,None
1789476676.379262,38444,None,None,None
1789476678.380502,38444,None,None,None
1789476680.3897913,38444,None,None,None
1789476682.3947186,38444,None,None,None
1789476684.4002,38444,None,None,None
1789476686.406407,38444,None,None,None
1789476688.4155433,38444,None,None,None
1789476690.4282813,38444,None,None,None
1789476692.4391165,38444,None,None,None
1789476694.442786,38444,None,None,None
1789476696.4497175,38444,None,None,None
1789476698.454581,38444,None,None,None
1789476700.4565732,38444,None,None,None
1789476702.4602332,38444,None,None,None
1789476704.471767,38444,None,None,None
1789476706.4865682,38444,None,None,None
1789476708.4986768,38444,None,None,None
1789476710.500591,38444,None,None,None
1789476712.5093236,38444,None,None,None
1789476714.5123494,38444,None,None,None
1789476716.5205314,38444,None,None,None
1789476718.5276518,38444,None,None,None
1789476720.5319653,38444,None,None,None
1789476722.5416296,38444,None,None,None
1789476724.5507724,38444,None,None,None
1789476726.561426,38444,None,None,None
1789476728.574995,38444,None,None,None
1789476730.5830016,38444,None,None,None
1789476732.591417,38444,None,None,None
1789476734.5970485,38444,None,None,None
1789476736.6117058,38444,None,None,None
1789476738.6245744,38444,None,None,None
1789476740.6249533,38444,None,None,None
1789476742.6397102,38444,None,None,None
1789476744.6444075,38444,None,None,None
1789476746.6471257,38444,None,None,None
1789476748.6482096,38444,None,None,None
1789476750.6584337,38444,None,None,None
1789476752.6692877,38444,None,None,None
1789476754.675494,38444,None,None,None
1789476756.6814961,38444,None,None,None
1789476758.6828117,38444,None,None,None
1789476760.6974688,38444,None,None,None
1789476762.7041612,38444,None,None,None
1789476764.7105587,38444,None,None,None
1789476766.7204854,38444,None,None,None
1789476768.7229326,38444,None,None,None
1789476770.733389,38444,None,None,None
1789476772.7374494,38444,None,None,None
1789476774.741002,38444,None,None,None
1789476776.7513359,38444,None,None,None
1789476778.7621026,38444,None,None,None
1789476780.7632904,38444,None,None,None
1789476782.777573,38444,None,None,None
1789476784.7785394,38444,None,None,None
1789476786.7920406,38444,None,None,None
1789476788.7943428,38444,None,None,None
1789476790.7980258,38444,None,None,None
1789476792.8128004,38444,None,None,None
1789476794.8176284,38444,None,None,None
1789476796.8299325,38444,None,None,None
1789476798.8443372,38444,None,None,None
1789476800.851891,38444,None,None,None
1789476802.8605165,38444,None,None,None
1789476804.873532,38444,None,None,None
1789476806.877782,38444,None,None,None
1789476808.8822653,38444,None,None,None
1789476810.8959916,38444,None,None,None
1789476812.9034195,38444,None,None,None
1789476814.9107423,38444,None,None,None
1789476816.9147735,38444,None,None,None
1789476818.9289887,38444,None,None,None
1789476820.9402149,38444,None,None,None
1789476822.9421878,38444,None,None,None
1789476824.9541862,38444,None,None,None
1789476826.9561825,38444,None,None,None
1789476828.9638016,38444,None,None,None
1789476830.9781625,38444,None,None,None
1789476832.979294,38444,None,None,None
1789476834.9794116,38444,None,None,None
1789476836.993525,38444,None,None,None
1789476838.9977014,38444,None,None,None
1789476841.013063,38444,None,None,None
1789476843.0268881,38444,None,None,None
1789476845.0341058,38444,None,None,None
1789476847.0386946,38444,None,None,None
1789476849.0467472,38444,None,None,None
1789476851.0590796,38444,None,None,None
1789476853.0636864,38444,None,None,None
1789476855.0749214,38444,None,None,None
1789476857.085976,38444,None,None,None
1789476859.095743,38444,None,None,None
1789476861.1079283,38444,None,None,None
1789476863.1104202,38444,None,None,None
1789476865.1206143,38444,None,None,None
1789476867.1296766,38444,None,None,None
1789476869.1385267,38444,None,None,None
1789476871.1507974,38444,None,None,None
1789476873.165601,38444,None,None,None
1789476875.1734388,38444,None,None,None
1789476877.1876495,38444,None,None,None
1789476879.199307,38444,None,None,None
1789476881.1993015,38444,None,None,None
1789476883.1996353,38444,None,None,None
1789476885.2000663,38444,None,None,None
1789476887.2072139,38444,None,None,None
1789476889.21986,38444,None,None,None
1789476891.222534,38444,None,None,None
1789476893.2331674,38444,None,None,None
1789476895.242503,38444,None,None,None
1789476897.2455566,38444,None,None,None
1789476899.2572322,38444,None,None,None
1789476901.2663567,38444,None,None,None
1789476903.2783055,38444,None,None,None
1789476905.2923214,38444,None,None,None
1789476907.306916,38444,None,None,None
1789476909.3163857,38444,None,None,None
1789476911.3280993,38444,None,None,None
1789476913.33196,38444,None,None,None
1789476915.340384,38444,None,None,None
1789476917.3505871,38444,None,None,None
1789476919.35247,38444,None,None,None
1789476921.35706,38444,None,None,None
1789476923.363038,38444,None,None,None
1789476925.3717785,38444,None,None,None
1789476927.3719516,38444,None,None,None
1789476929.3864055,38444,None,None,None
1789476931.3937635,38444,None,None,None
1789476933.4078424,38444,None,None,None
1789476935.4113896,38444,None,None,None
1789476937.4216063,38444,None,None,None
1789476939.430638,38444,None,None,None
1789476941.4451804,38444,None,None,None
1789476943.4552302,38444,None,None,None
1789476945.4620452,38444,None,None,None
1789476947.4743006,38444,None,None,None
1789476949.4835334,38444,None,None,None
1789476951.4892416,38444,None,None,None
1789476953.4919045,38444,None,None,None
1789476955.4980192,38444,None,None,None
1789476957.5125601,38444,None,None,None
1789476959.5169818,38444,None,None,None
1789476961.5205228,38444,None,None,None
1789476963.5324621,38444,None,None,None
1789476965.5466545,38444,None,None,None
1789476967.5516183,38444,None,None,None
1789476969.5599675,38444,None,None,None
1789476971.5651748,38444,None,None,None
1789476973.571205,38444,None,None,None
1789476975.582895,38444,None,None,None
1789476977.5954962,38444,None,None,None
1789476979.603138,38444,None,None,None
1789476981.612405,38444,None,None,None
1789476983.619105,38444,None,None,None
1789476985.630979,38444,None,None,None
1789476987.6393063,38444,None,None,None
1789476989.6425955,38444,None,None,None
1789476991.649294,38444,None,None,None
1789476993.6636229,38444,None,None,None
1789476995.6648867,38444,None,None,None
1789476997.6765044,38444,None,None,None
1789476999.6858075,38444,None,None,None
1789477001.697219,38444,None,None,None
1789477003.703417,38444,None,None,None
1789477005.707563,38444,None,None,None
1789477007.7144191,38444,None,None,None
1789477009.7301934,38444,None,None,None
1789477011.735338,38444,None,None,None
1789477013.7436037,38444,None,None,None
1789477015.7591765,38444,None,None,None
1789477017.7705874,38444,None,None,None
1789477019.7783515,38444,None,None,None
1789477021.7860634,38444,None,None,None
1789477023.7940514,38444,None,None,None
1789477025.8042014,38444,None,None,None
1789477027.8051617,38444,None,None,None
1789477029.807456,38444,None,None,None
1789477031.8161259,38444,None,None,None
1789477033.8262346,38444,None,None,None
1789477035.832479,38444,None,None,None
1789477037.8362496,38444,None,None,None
1789477039.8459823,38444,None,None,None
1789477041.8480592,38444,None,None,None
1789477043.8581264,38444,None,None,None
1789477045.8730636,38444,None,None,None
1789477047.881404,38444,None,None,None
1789477049.8931625,38444,None,None,None
1789477051.9043007,38444,None,None,None
1789477053.9185207,38444,None,None,None
1789477055.9274986,38444,None,None,None
1789477057.933717,38444,None,None,None
1789477059.9429593,38444,None,None,None
1789477061.9521563,38444,None,None,None
1789477063.958398,38444,None,None,None
1789477065.9694586,38444,None,None,None
1789477067.9837177,38444,None,None,None
1789477069.9904587,38444,None,None,None
1789477072.0001378,38444,None,None,None
1789477074.0092561,38444,None,None,None
1789477076.0139458,38444,None,None,None
1789477078.0183287,38444,None,None,None
1789477080.0289502,38444,None,None,None
1789477082.0393884,38444,None,None,None
1789477084.0492845,38444,None,None,None
1789477086.0559886,38444,None,None,None
1789477088.070476,38444,None,None,None
1789477090.083552,38444,None,None,None
1789477092.0985627,38444,None,None,None
1789477094.107665,38444,None,None,None
1789477096.119241,38444,None,None,None
1789477098.133434,38444,None,None,None
1789477100.1411576,38444,None,None,None
1789477102.1509328,38444,None,None,None
1789477104.155627,38444,None,None,None
1789477106.1665103,38444,None,None,None
1789477108.1711228,38444,None,None,None
1789477110.1866674,38444,None,None,None
1789477112.1903675,38444,None,None,None
1789477114.1947665,38444,None,None,None
1789477116.199309,38444,None,None,None
1789477118.2075164,38444,None,None,None
1789477120.2107654,38444,None,None,None
1789477122.2238598,38444,None,None,None
1789477124.2265892,38444,None,None,None
1789477126.2302008,38444,None,None,None
1789477128.23365,38444,None,None,None
1789477130.2354238,38444,None,None,None
1789477132.240743,38444,None,None,None
1789477134.246051,38444,None,None,None
1789477136.2487557,38444,None,None,None
1789477138.2559173,38444,None,None,None
1789477140.2701638,38444,None,None,None
1789477142.2823088,38444,None,None,None
1789477144.2915761,38444,None,None,None
1789477146.2981882,38444,None,None,None
1789477148.3027823,38444,None,None,None
1789477150.310639,38444,None,None,None
1789477152.315944,38444,None,None,None
1789477154.3188894,38444,None,None,None
1789477156.324675,38444,None,None,None
1789477158.3372188,38444,None,None,None
1789477160.3426905,38444,None,None,None
1789477162.3519526,38444,None,None,None
1789477164.3612895,38444,None,None,None
1789477166.3735235,38444,None,None,None
1789477168.376208,38444,None,None,None
1789477170.3914971,38444,None,None,None
1789477172.4055154,38444,None,None,None
1789477174.411057,38444,None,None,None
1789477176.4166012,38444,None,None,None
1789477178.4259856,38444,None,None,None
1789477180.4377651,38444,None,None,None
1789477182.452253,38444,None,None,None
1789477184.459697,38444,None,None,None
1789477186.466194,38444,None,None,None
1789477188.47775,38444,None,None,None
1789477190.4869192,38444,None,None,None
1789477192.4939651,38444,None,None,None
1789477194.4953048,38444,None,None,None
1789477196.5072794,38444,None,None,None
1789477198.508486,38444,None,None,None
1789477200.5219662,38444,None,None,None
1789477202.5272906,38444,None,None,None
1789477204.5427914,38444,None,None,None
1789477206.551908,38444,None,None,None
1789477208.5603917,38444,None,None,None
1789477210.5668252,38444,None,None,None
1789477212.5807664,38444,None,None,None
1789477214.5834546,38444,None,None,None
1789477216.5972402,38444,None,None,None
1789477218.607599,38444,None,None,None
1789477220.621839,38444,None,None,None
1789477222.6307118,38444,None,None,None
1789477224.6455085,38444,None,None,None
1789477226.6493838,38444,None,None,None
1789477228.6619148,38444,None,None,None
1789477230.665914,38444,None,None,None
1789477232.679979,38444,None,None,None
1789477234.686516,38444,None,None,None
1789477236.6877446,38444,None,None,None
1789477238.6931586,38444,None,None,None
1789477240.7000332,38444,None,None,None
1789477242.7048004,38444,None,None,None
1789477244.711765,38444,None,None,None
1789477246.7172394,38444,None,None,None
1789477248.7318704,38444,None,None,None
1789477250.7365913,38444,None,None,None
1789477252.740932,38444,None,None,None
1789477254.7501333,38444,None,None,None
1789477256.762386,38444,None,None,None
1789477258.76696,38444,None,None,None
1789477260.7781115,38444,None,None,None
1789477262.787227,38444,None,None,None
1789477264.795957,38444,None,None,None
1789477266.8025262,38444,None,None,None
1789477268.814439,38444,None,None,None
1789477270.8269055,38444,None,None,None
1789477272.831462,38444,None,None,None
1789477274.8407903,38444,None,None,None
1789477276.8462029,38444,None,None,None
1789477278.8540177,38444,None,None,None
1789477280.8639605,38444,None,None,None
1789477282.8664992,38444,None,None,None
1789477284.8771992,38444,None,None,None
1789477286.8848977,38444,None,None,None
1789477288.8957844,38444,None,None,None
1789477290.9071918,38444,None,None,None
1789477292.9150236,38444,None,None,None
1789477294.9214602,38444,None,None,None
1789477296.929814,38444,None,None,None
1789477298.944153,38444,None,None,None
1789477300.952005,38444,None,None,None
1789477302.9552946,38444,None,None,None
1789477304.9670238,38444,None,None,None
1789477306.9738126,38444,None,None,None
1789477308.9821687,38444,None,None,None
1789477310.989691,38444,None,None,None
1789477313.003822,38444,None,None,None
1789477315.0182018,38444,None,None,None
1789477317.026638,38444,None,None,None
1789477319.0320327,38444,None,None,None
1789477321.034382,38444,None,None,None
1789477323.0388412,38444,None,None,None
1789477325.0469398,38444,None,None,None
1789477327.0484018,38444,None,None,None
1789477329.0614593,38444,None,None,None
1789477331.0642455,38444,None,None,None
1789477333.065997,38444,None,None,None
1789477335.0709486,38444,None,None,None
1789477337.0790145,38444,None,None,None
1789477339.0837781,38444,None,None,None
1789477341.0950105,38444,None,None,None
1789477343.1082206,38444,None,None,None
1789477345.1172771,38444,None,None,None
1789477347.1282356,38444,None,None,None
1789477349.139982,38444,None,None,None
1789477351.155051,38444,None,None,None
1789477353.1661701,38444,None,None,None
1789477355.1741493,38444,None,None,None
1789477357.1890147,38444,None,None,None
1789477359.2008643,38444,None,None,None
1789477361.2020874,38444,None,None,None
1789477363.2160196,38444,None,None,None
1789477365.2184381,38444,None,None,None
1789477367.2217295,38444,None,None,None
1789477369.2324157,38444,None,None,None
1789477371.2401333,38444,None,None,None
1789477373.2531817,38444,None,None,None
1789477375.264999,38444,None,None,None
1789477377.2680726,38444,None,None,None
1789477379.276461,38444,None,None,None
1789477381.2861083,38444,None,None,None
1789477383.297467,38444,None,None,None
1789477385.3089874,38444,None,None,None
1789477387.3098438,38444,None,None,None
1789477389.3193672,38444,None,None,None
1789477391.3313715,38444,None,None,None
1789477393.3375347,38444,None,None,None
1789477395.3413703,38444,None,None,None
1789477397.3520164,38444,None,None,None
1789477399.35796,38444,None,None,None
1789477401.3700964,38444,None,None,None
1789477403.379939,38444,None,None,None
1789477405.3912024,38444,None,None,None
1789477407.3981552,38444,None,None,None
1789477409.4072132,38444,None,None,None
1789477411.4143975,38444,None,None,None
1789477413.4242158,38444,None,None,None
1789477415.4358764,38444,None,None,None
1789477417.4382715,38444,None,None,None
1789477419.4468927,38444,None,None,None
1789477421.4596949,38444,None,None,None
1789477423.460193,38444,None,None,None
1789477425.4719157,38444,None,None,None
1789477427.4851768,38444,None,None,None
1789477429.4889076,38444,None,None,None
1789477431.4981034,38444,None,None,None
1789477433.507301,38444,None,None,None
1789477435.5076008,38444,None,None,None
1789477437.517397,38444,None,None,None
1789477439.5290709,38444,None,None,None
1789477441.533944,38444,None,None,None
1789477443.5473669,38444,None,None,None
1789477445.5550897,38444,None,None,None
1789477447.5697918,38444,None,None,None
1789477449.585048,38444,None,None,None
1789477451.5910585,38444,None,None,None
1789477453.5981162,38444,None,None,None
1789477455.6107774,38444,None,None,None
1789477457.6118,38444,None,None,None
1789477459.6222732,38444,None,None,None
1789477461.6323743,38444,None,None,None
1789477463.643008,38444,None,None,None
1789477465.6533556,38444,None,None,None
1789477467.6672115,38444,None,None,None
1789477469.6818938,38444,None,None,None
1789477471.6874082,38444,None,None,None
1789477473.690271,38444,None,None,None
1789477475.6956341,38444,None,None,None
1789477477.7091439,38444,None,None,None
1789477479.7108018,38444,None,None,None
1789477481.7199206,38444,None,None,None
1789477483.7330973,38444,None,None,None
1789477485.7451053,38444,None,None,None
1789477487.7539523,38444,None,None,None
1789477489.7608163,38444,None,None,None
1789477491.7665546,38444,None,None,None
1789477493.7751396,38444,None,None,None
1789477495.790561,38444,None,None,None
1789477497.7908788,38444,None,None,None
1789477499.7981503,38444,None,None,None
1789477501.8099494,38444,None,None,None
1789477503.8101847,38444,None,None,None
1789477505.8204997,38444,None,None,None
1789477507.8314903,38444,None,None,None
1789477509.8417838,38444,None,None,None
1789477511.846142,38444,None,None,None
1789477513.8470643,38444,None,None,None
1789477515.8495946,38444,None,None,None
1789477517.8603263,38444,None,None,None
1789477519.867306,38444,None,None,None
1789477521.8778617,38444,None,None,None
1789477523.888336,38444,None,None,None
1789477525.8985672,38444,None,None,None
1789477527.9050653,38444,None,None,None
1789477529.913867,38444,None,None,None
1789477531.9175637,38444,None,None,None
1789477533.9295592,38444,None,None,None
1789477535.930281,38444,None,None,None
1789477537.931247,38444,None,None,None
1789477539.9439218,38444,None,None,None
1789477541.945066,38444,None,None,None
1789477543.957814,38444,None,None,None
1789477545.973209,38444,None,None,None
1789477547.9759724,38444,None,None,None
1789477549.9839034,38444,None,None,None
1789477551.99785,38444,None,None,None
1789477554.0129874,38444,None,None,None
1789477556.0258157,38444,None,None,None
1789477558.040341,38444,None,None,None
1789477560.0491068,38444,None,None,None
1789477562.0524366,38444,None,None,None
1789477564.0542169,38444,None,None,None
1789477566.0559027,38444,None,None,None
1789477568.0596585,38444,None,None,None
1789477570.0657566,38444,None,None,None
1789477572.0750513,38444,None,None,None
1789477574.0767329,38444,None,None,None
1789477576.0818849,38444,None,None,None
1789477578.090972,38444,None,None,None
1789477580.1038995,38444,None,None,None
1789477582.1085532,38444,None,None,None
1789477584.1097286,38444,None,None,None
1789477586.1122522,38444,None,None,None
1789477588.1230018,38444,None,None,None
1789477590.1352272,38444,None,None,None
1789477592.147015,38444,None,None,None
1789477594.1620474,38444,None,None,None
1789477596.1771877,38444,None,None,None
1789477598.182692,38444,None,None,None
1789477600.1883671,38444,None,None,None
1789477602.197963,38444,None,None,None
1789477604.2008245,38444,None,None,None
1789477606.2050745,38444,None,None,None
1789477608.2138464,38444,None,None,None
1789477610.2258868,38444,None,None,None
1789477612.2338738,38444,None,None,None
1789477614.2426443,38444,None,None,None
1789477616.247572,38444,None,None,None
1789477618.2621589,38444,None,None,None
1789477620.276923,38444,None,None,None
1789477622.2811506,38444,None,None,None
1789477624.2824435,38444,None,None,None
1789477626.2910628,38444,None,None,None
1789477628.2948868,38444,None,None,None
1789477630.2968433,38444,None,None,None
1789477632.3040648,38444,None,None,None
1789477634.3139825,38444,None,None,None
1789477636.3159273,38444,None,None,None
1789477638.3283968,38444,None,None,None
1789477640.3391352,38444,None,None,None
1789477642.344367,38444,None,None,None
1789477644.3550596,38444,None,None,None
1789477646.3660846,38444,None,None,None
1789477648.377968,38444,None,None,None
1789477650.385503,38444,None,None,None
1789477652.393214,38444,None,None,None
1789477654.4040542,38444,None,None,None
1789477656.4065404,38444,None,None,None
1789477658.4082148,38444,None,None,None
1789477660.4208977,38444,None,None,None
1789477662.4262488,38444,None,None,None
1789477664.439803,38444,None,None,None
1789477666.4547446,38444,None,None,None
1789477668.4618218,38444,None,None,None
1789477670.46819,38444,None,None,None
1789477672.4817514,38444,None,None,None
1789477674.4907079,38444,None,None,None
1789477676.5016437,38444,None,None,None
1789477678.51237,38444,None,None,None
1789477680.5196214,38444,None,None,None
1789477682.5240872,38444,None,None,None
1789477684.533989,38444,None,None,None
1789477686.5467029,38444,None,None,None
1789477688.5479875,38444,None,None,None
1789477690.5602775,38444,None,None,None
1789477692.5730147,38444,None,None,None