frame,H_star,J_k,E_k,grad_residual_k,centroid2_k,in_K0,qp_all_optimal,dissipation_slack_u_command
0,1.0768889667386405,0.06666612846692246,4.7386454548711005e-08,0.08263003267990936,2.7451760999931873,1,1,-0.0004812880383287827
1,1.0656301601263478,0.07126939906034598,7.164689747319626e-08,0.09087397871002638,2.7681714822558012,1,1,-0.0004873924480470696
2,1.0537408073084684,0.07587949723574933,7.167976576179074e-08,0.09910193578031491,2.787145820259344,1,1,-0.0004941748240181627
3,1.0412355282858918,0.08054113686344676,6.736362792597392e-08,0.10730434527689642,2.8003507112190444,1,1,-0.000497070401096535
4,1.0281313802485885,0.08523369367736963,5.977104298281908e-08,0.11532541888728987,2.8111745606961964,1,1,-0.0005022708713033012
5,1.014443334606737,0.08997175715391822,6.145566412437323e-08,0.12319361285994422,2.8181347201011127,1,1,-0.0005018257689055373
6,1.0001920408123088,0.09470942761243417,3.9035478208161e-08,0.1307228466244566,2.8187737757941695,1,1,-0.0005019552692784868
7,0.9854014979204848,0.09939173162487253,2.5854740826321803e-08,0.13794489629417642,2.812354360033917,1,1,-0.0004990997245353703
8,0.970100891390343,0.1040442574006137,2.111129612816648e-08,0.1447093365923212,2.799833305570906,1,1,-0.0004969080334049879
9,0.9543181271655402,0.10868168896678827,2.1301494979158095e-08,0.15106556542854574,2.77949267925632,1,1,-0.000491423709927722
10,0.9380822697114592,0.11326927189013797,3.0652236144796263e-08,0.15691956760223139,2.7507741378735533,1,1,-0.00048657564815473425
11,0.9214256305139508,0.11781417122615817,5.4028399344383946e-08,0.16227960900253385,2.7142086629420246,1,1,-0.00048074112815483724
12,0.9043803701757847,0.12231215510120105,1.2227655193068258e-07,0.1671120550158704,2.6718130636007675,1,1,-0.0004747975003587569
13,0.8869782468840248,0.126753948580191,1.1758693315272372e-07,0.1714208399808302,2.6245147083003157,1,1,-0.00046010131751314173
14,0.8692597828360166,0.13102052474018022,8.154468536548311e-08,0.17485561603507216,2.570841076422334,1,1,-0.00044657829076389516
15,0.8512763865227845,0.13513424497170481,9.082518305020645e-08,0.1774966364302048,2.5100509930429236,1,1,-0.0004358591066457272
16,0.8330749465577323,0.13874763266526727,5.7761888650876146e-08,0.1793513599527387,2.4441768220135995,1,1,-0.00042297144222493144
17,0.8147223758717899,0.14079311974793593,3.9140005283808775e-08,0.1803513245831378,2.3759346770102896,1,1,-0.00041111734640477196
18,0.7963372788761924,0.14275290918317038,3.5441179003239716e-08,0.1806465631316264,2.3058294392837615,1,1,-0.00039067731757665494
19,0.777961315408381,0.14459608815346003,3.7634991406610516e-08,0.18014860853903014,2.232760808759473,1,1,-0.00037778309184811204
20,0.7596277107641984,0.1463534366623646,2.8612642937399168e-08,0.17892542277992746,2.1586904561676405,1,1,-0.0003710937298412875
21,0.7413643980936238,0.1480689092257423,3.9666077549570826e-08,0.1771803700843997,2.083995075696318,1,1,-0.0003554226447054984
22,0.7232063605929164,0.14888659870008414,4.2420722866792383e-08,0.17489482052738806,2.0092814584334535,1,1,-0.0003479738125154695
23,0.7052149817582656,0.14888457619870615,3.595021237785044e-08,0.17224731378286873,1.9337658493962304,1,1,-0.0003409832243347552
24,0.6874494951510263,0.146923579673116,4.2763979034411105e-08,0.16922956241941453,1.8587524071288504,1,1,-0.00032920540889245717
25,0.6700330296116039,0.14416052485156672,4.639794947785741e-08,0.1660950890443133,1.7858429328858296,1,1,-0.0003173240347115816
26,0.653007848088825,0.1415270333528585,7.492065968910406e-08,0.1628003852467759,1.7150342413954145,1,1,-0.0003066470822108702
27,0.6363664179713375,0.1390065455995734,8.157184698514107e-08,0.1592902548499502,1.6450760514260692,1,1,-0.00029680737106787397
28,0.6201068480908329,0.13661992587069907,6.777485776038081e-08,0.15569649887420933,1.5757478536082932,1,1,-0.00029177800076462916
29,0.6042197984793712,0.13441405029895018,7.181428585072242e-08,0.15211562055829128,1.5090439378157054,1,1,-0.0002796500526368387
30,0.588697833708273,0.1317565247898495,9.15070595874546e-08,0.14851475098680122,1.4440804229528912,1,1,-0.00027522598445499195
31,0.573558181507337,0.12860820974459528,7.488932122408617e-08,0.14490905673696228,1.3816948108140679,1,1,-0.0002665673528529349
32,0.5588257316570018,0.12558964535559827,1.1253115176607897e-07,0.14133295661772738,1.3216585799590468,1,1,-0.0002565492610355092
33,0.5444902250658723,0.12269652348086335,1.0530185635498611e-07,0.1377844903477192,1.2624846014284623,1,1,-0.0002479124298900553
34,0.5305435826601324,0.11981506268951717,1.0993705148238133e-07,0.1342436868035097,1.2052504981308516,1,1,-0.00023656925636353007
35,0.5169859687929124,0.11604426259741771,1.4626563086162238e-07,0.13059210166305593,1.1494396914708962,1,1,-0.00022802550484071413
36,0.5038639797510138,0.10456919682942246,1.3272541639157258e-07,0.12686965044966786,1.0962141393242357,1,1,-0.00020517130307518353
37,0.4916675017320056,0.09780191141176267,1.0046438964756687e-07,0.1230893914091941,1.0476254167100554,1,1,-0.00019164045165549065
38,0.48020443845844973,0.09471534800381465,9.32185313674164e-08,0.1192344996080596,1.0028560126865804,1,1,-0.00018386588221650825
39,0.46920152650107194,0.09315847440543792,1.5853781816428534e-07,0.11540670731401588,0.9612184007314654,1,1,-0.00016858730698508448
40,0.45849525257191626,0.0900045474710735,2.12828916140586e-07,0.1116066213887213,0.9209513454839786,1,1,-0.00015862422068636285
41,0.4482211232731955,0.08679524410694224,1.4747591097960412e-07,0.10766901184626584,0.8812912105370639,1,1,-0.0001409746066432689
42,0.4383868454790789,0.08370835644977945,2.291915179698067e-07,0.10363197613031223,0.8444100160397012,1,1,-0.00015273766230905483
43,0.42893249399649513,0.08063429948857105,1.785019282280457e-07,0.099767360009087,0.810174678232271,1,1,-0.00012392004398500273
44,0.41987405025054536,0.07467586911306659,2.0376049783859006e-07,0.09592073747153634,0.7774631398223337,1,1,-0.00014806635820623602
45,0.41131892573513407,0.06845229187867383,2.061693744191403e-07,0.09222964077537639,0.7478934041337069,1,1,-0.0001328944513334469
46,0.40339136323596736,0.06480848174423885,2.1021465852813244e-07,0.08869258634541485,0.7218389473834578,1,1,-0.00014834662896838664
47,0.39591079227960657,0.06218517429483228,1.6892016818113776e-07,0.085286628483673,0.6984889519687765,1,1,-0.00010767947326709507
48,0.3888430549366837,0.060035330082251086,2.591834973536357e-07,0.08200730891760419,0.6779072333131754,1,1,-9.965268601731282e-05
49,0.3820939989389549,0.05809446456887515,1.7958185191762072e-07,0.07861479804194109,0.6582445343959568,1,1,-5.296996623451421e-05
50,0.3756729456611483,0.05568768193113951,1.8109951135187054e-07,0.07528753894476986,0.640354756015796,1,1,-0.00012343841391466472
51,0.36946920804231587,0.05345047755812099,2.0680422869545977e-07,0.07214584250792154,0.6255557385086137,1,1,-0.00011497711550008394
52,0.3635315686796754,0.051383235700089326,1.7311867814299248e-07,0.06918323178135244,0.6141571935844332,1,1,-9.10740806053835e-05
53,0.35784812748394723,0.04758323154129175,3.355022433972097e-07,0.06612047130662435,0.6031451638792793,1,1,-9.924133328815393e-05
54,0.3524889184057127,0.044703390056553785,3.871649131745572e-07,0.0635616407670812,0.595451921218514,1,1,-9.014317470041472e-05
55,0.3474306810154887,0.04327572525296526,3.6869626539608205e-07,0.061263728597692156,0.5904570116377044,1,1,-0.00012865774696180395
56,0.34251435829928434,0.04244935169168015,3.305933296270466e-07,0.059166986181311366,0.5853128568648618,1,1,-0.0001414007928749279
57,0.3377099603872241,0.0388521020667654,3.2791484797900146e-07,0.05746109279754257,0.5824781824743579,1,1,-0.0001049737859723527
58,0.33320164157289334,0.03631059672839787,3.2723658424072375e-07,0.05606790244273879,0.5795613469894026,1,1,-0.0001844891402943338
59,0.32886253335861027,0.035517895741962464,2.868141132078674e-07,0.05521992859879896,0.5774958363760059,1,1,-0.00010167221074543816
60,0.3247347744577337,0.03544749582924673,4.7339672107792386e-07,0.05467303109368907,0.5747435913336478,1,1,-0.0001169717485070285
61,0.3206482206817197,0.035745143740585246,6.152636790269208e-07,0.05427691389177929,0.5708244266634634,1,1,-0.00012423981789544056
62,0.3165589377489265,0.036054342720631904,5.175018905230683e-07,0.05384731365454424,0.564290516544278,1,1,-0.00012385354237063727
63,0.3124676135825406,0.0361601001944999,5.497915242657736e-07,0.05326278437067196,0.5554715631136683,1,1,-0.0001124204362983024
64,0.3083950949080986,0.036082572616444986,4.915894118900496e-07,0.052508583201012704,0.5446669925364006,1,1,-0.00016525949661894135
65,0.3042868419579827,0.03580937759732053,4.31042833105493e-07,0.051713880166255374,0.5329145793633041,1,1,-9.64834645012071e-05
66,0.3002792838637076,0.03532027294771267,4.059306842995868e-07,0.0507320795843223,0.5197206040258348,1,1,-0.00011351413468648148
67,0.29630653226315995,0.034641057735227195,4.3785080004429e-07,0.04965764460145078,0.5058343496836477,1,1,-5.1785521528208145e-05
68,0.29246850795691137,0.03380045089417477,3.3707200121504826e-07,0.048357045269628626,0.49096639796743724,1,1,-1.1385916062528392e-05
69,0.2887660551963024,0.032884575416116044,3.049296847996798e-07,0.04701802413164907,0.4757347707623663,1,1,-0.0001004685729400598
70,0.28507595582796996,0.03193701709444491,3.5767883259594105e-07,0.04570385478743423,0.46062841744861494,1,1,-0.00011079557443634518
71,0.2814775804503389,0.029428015151590926,3.6854939404242044e-07,0.044421067482541016,0.4456525108008338,1,1,4.022126508749406e-05
72,0.2782201615437623,0.026312556377925844,2.893904810840467e-07,0.04303204100472972,0.43045192554407485,1,1,-7.718275646703991e-05
73,0.2751213150926295,0.0249643118847813,3.21430475067989e-07,0.04191026328749152,0.41625592011714996,1,1,-6.998575720791687e-05
74,0.27220121627693716,0.024281070537881023,3.136339291450401e-07,0.04090745028679085,0.4021283724141732,1,1,-5.084479226875275e-05
75,0.2694109891034927,0.023793419874893397,2.537739633704359e-07,0.039819452290016384,0.3881213081099749,1,1,-0.00015152037150395915
76,0.2666055350747777,0.02342429258733323,2.0117227860891806e-07,0.03894181852099516,0.3747189099591018,1,1,-1.9703705305351704e-05
77,0.263990756576173,0.022960834488293475,2.081383989758282e-07,0.03791241461460193,0.36094472252181276,1,1,-9.697921368708503e-05
78,0.26136001664857667,0.022495094261630415,2.2376385984960127e-07,0.0370456290412855,0.347895253323401,1,1,1.0436869345475334e-05
79,0.25889226799263065,0.02213076430590115,1.6528195259941268e-07,0.03606212860159187,0.3343449214881444,1,1,-2.120400882839671e-05
80,0.25644292803032587,0.021804767457975292,1.4763699063796637e-07,0.035079479672579045,0.3211923150386626,1,1,-6.908732678617517e-05
81,0.2539914324853161,0.021443138085669944,1.397185004278938e-07,0.0342190371871411,0.3085440751548292,1,1,2.9892323050364784e-05
82,0.25168108189095595,0.0210193616460674,1.6397461319385565e-07,0.03317844193697908,0.29571829452629494,1,1,-0.00013112612794777875
83,0.24926071437602226,0.020611580324988298,1.1394672473416947e-07,0.03229087291004952,0.2837512442260254,1,1,-5.750586052298773e-05
84,0.24695877003086286,0.020200228332646356,1.1477032480748702e-07,0.03142501456619546,0.2721634756296919,1,1,2.5426339214504844e-05
85,0.24478404384258523,0.019770575007810834,1.0263762741256163e-07,0.030468299464287807,0.2605823353608035,1,1,-0.00011431640903397655
86,0.24251889383354608,0.019345693519362033,1.2919955026436737e-07,0.029601220796734266,0.24969179363844812,1,1,-2.9666624559683726e-05
87,0.24038514856367055,0.018913015531332105,7.977769367506185e-08,0.028703388707528546,0.2392017268714724,1,1,-7.340980717086658e-05
88,0.23825473639718775,0.0184792791778085,1.3610757175809247e-07,0.027833933599196725,0.22918533585163814,1,1,-6.236569027878204e-05
89,0.23618217237830597,0.01804690140677,8.197930289133344e-08,0.027002577179339213,0.21941469219924425,1,1,-9.766161480032065e-06
90,0.2342094498353704,0.017608101942581347,1.3268569565490304e-07,0.02614430741669941,0.2100386486703361,1,1,-8.131490219472418e-07
91,0.23229377523228,0.01716545053238558,1.3803406188491664e-07,0.025275829225543833,0.2010380321611428,1,1,-3.623569101830521e-05
92,0.23039188158443447,0.016730526222946056,9.36161890717459e-08,0.024475200611264365,0.19248433362166273,1,1,-3.7070473706073224e-05
93,0.228536895670562,0.0162665710857952,6.122283963835676e-08,0.023717000138431487,0.18433173281259296,1,1,-2.1663181428824112e-05
94,0.2267473772226135,0.015807776617324167,6.578789467045824e-08,0.022941305533718155,0.17658316211813288,1,1,-6.473572583397431e-05
95,0.2249651341518405,0.015373591074321714,6.371985913393095e-08,0.02220120685111581,0.16925452088226428,1,1,-4.200841403975437e-05
96,0.2232534467418672,0.014946819242178593,8.544217153745621e-08,0.021492152670706213,0.16229135105236384,1,1,3.612300408987784e-05
97,0.22166624352503772,0.014521049301061045,6.513337523641546e-08,0.02077656393476843,0.15541028620139635,1,1,-4.140396698897389e-06
98,0.22008560381171294,0.014098726672684638,1.0769142602242944e-07,0.02007937516355139,0.14878415085191418,1,1,-6.510610786826759e-05
99,0.2184904741779673,0.013682130098681654,9.016382787891604e-08,0.019420744569902407,0.1426165691118233,1,1,-7.295151592840213e-05
100,0.21693215501947383,0.01327108781047116,9.600866253075197e-08,0.018798280672571083,0.13670982885869803,1,1,2.2606721797843168e-05
101,0.21551313807758155,0.012855440360444888,6.06970958656592e-08,0.018137848661030364,0.13081861912165002,1,1,-6.564996983415253e-05
102,0.21405169231353427,0.012446852211172,5.84378409407077e-08,0.01751158799381938,0.12529136715802602,1,1,-4.282387384751257e-05
103,0.21265723214627186,0.012043928195252612,4.758891977839354e-08,0.016903443743898558,0.11989502900636533,1,1,7.058743181054131e-06
104,0.21135654379077706,0.011643348067839992,5.419146864702342e-08,0.01629997988959085,0.11474714845899041,1,1,2.2909013069757293e-06
105,0.21009454546557937,0.011246959007033146,7.113799136439464e-08,0.015703577765506585,0.10981515910878353,1,1,8.132534445805641e-06
106,0.20888136172937566,0.010857280942393799,5.992214343623062e-08,0.015131325973446247,0.10497125526600862,1,1,-3.334169645429516e-05
107,0.20766906717786016,0.010474156665389433,7.681188930049474e-08,0.014582182133965806,0.10036636182780834,1,1,-3.961423101092815e-06
108,0.20652749786592728,0.010094420089044237,5.654507948448637e-08,0.014021153939310785,0.09598888906385812,1,1,-4.181152781561944e-06
109,0.20542695592933446,0.009722009431692644,5.4052917030238095e-08,0.013480581503911059,0.09175755584795747,1,1,-2.1317600748525225e-05
110,0.20434986439741243,0.009357290422855248,4.6017624868511494e-08,0.012960375093090788,0.08765405575272069,1,1,-6.619051490528317e-05
111,0.20326781776067382,0.009001672365230706,4.67243659991234e-08,0.012463701998246448,0.08380093756417327,1,1,-2.6507151916064413e-05
112,0.20226393488004002,0.008653336397869447,4.609144106109885e-08,0.011972384883599587,0.08009869936393936,1,1,-1.20928191941987e-05
113,0.2013124108267439,0.008313067991622403,4.890911166730313e-08,0.011498402002848565,0.07654203871873716,1,1,9.535557697065798e-06
114,0.20041940956282178,0.007980864912255744,5.2206033319578727e-08,0.011035878962504426,0.07310307490970036,1,1,3.065791895191035e-06
115,0.19955606668100834,0.0076581636360330725,5.5177324070404746e-08,0.010590752077955897,0.06985130304451159,1,1,3.203851059609109e-05
116,0.1987565602601753,0.007343688586921179,5.445676216238768e-08,0.010149513974412945,0.06669379559924286,1,1,-1.8118432947735624e-05
117,0.19794125611969027,0.007039469713035866,5.5041500353162344e-08,0.009733882122902616,0.06372806527909461,1,1,-6.10583025312003e-05
118,0.19711585752535665,0.006745857933192169,5.54822590213374e-08,0.009342200605420155,0.06093556081153387,1,1,-2.681367717960177e-06
119,0.19638026454558877,0.00646074454288084,4.6254436059657455e-08,0.008953996659554587,0.058228547205565695,1,1,1.8918349842267715e-05
120,0.19569719672712438,0.006184287922412691,4.064964925342532e-08,0.008570065343219021,0.05561691620159398,1,1,-3.1724278239377945e-05
121,0.19499382701356804,0.005918073924860729,4.087045554194238e-08,0.008210323671899007,0.05315594658974658,1,1,-5.6524931853706574e-05
122,0.1942945588676812,0.005661603207703146,4.118618206396554e-08,0.007866957156620193,0.05081111017996342,1,1,-4.142093591842828e-05
123,0.1936381204589317,0.005414833451970984,4.984590423895451e-08,0.007537339971691528,0.0485840513176477,1,1,5.330894254174643e-05
124,0.1931030132357512,0.005175896403389528,4.0689218667579195e-08,0.007205846424797891,0.04638756153604279,1,1,2.132867895460308e-05
125,0.19256229501373245,0.004946495754343563,4.62712981717275e-08,0.0068894898236909145,0.04430979304561222,1,1,-1.8847407431033577e-05
126,0.1920066213405014,0.004726394110710077,5.1204197363462645e-08,0.0065920648428221835,0.042360675955948314,1,1,-2.9908784482502652e-05
127,0.1914638562017943,0.004515206483237089,4.5294514642782467e-08,0.006311834820846681,0.04053203668412987,1,1,-1.849817331430598e-05
128,0.1909552971637758,0.00431253318515994,5.0100039766987647e-08,0.006043921968416738,0.038801791625255745,1,1,1.3378083717008294e-05
129,0.19050041272423757,0.004117910519454217,4.9906610120820475e-08,0.00578315969431294,0.03712852759641265,1,1,-1.9313913524331454e-07
130,0.19005311781755108,0.00393171469497714,5.1113538297044696e-08,0.005535596701109709,0.0355367683439964,1,1,9.508672207528333e-07
131,0.18962719860609578,0.003753283896702226,4.999191374686607e-08,0.005296935472634715,0.03401959273406237,1,1,3.880013144159477e-06
132,0.18922361016231282,0.0035826793935408844,4.2441331278304916e-08,0.005070567349338001,0.032584481509278,1,1,-2.2327310160012194e-06
133,0.18883237200324698,0.003419558333908373,3.905791263212376e-08,0.004854017986625544,0.03122699870692197,1,1,-5.686979062822161e-06
134,0.1884553174180308,0.003263539061824858,3.942966698679309e-08,0.00464611362786369,0.029942624951340174,1,1,-8.344853072827629e-06
135,0.18809248253502475,0.0031145472919899193,4.0930843450155075e-08,0.004446949466333404,0.028717192597061195,1,1,-1.032229842558432e-05
136,0.18774385829527507,0.002972336363117727,4.05390610394177e-08,0.0042564554989408185,0.02754939636154414,1,1,-5.428625552024327e-06
137,0.1874156383049439,0.0028367697794582374,4.521625810590293e-08,0.004075876970767253,0.02644355881377274,1,1,1.0052176799695304e-05
138,0.18711765383646206,0.002707482271466952,4.3492780833485165e-08,0.0039042121568706525,0.025396500018475897,1,1,1.594741664147337e-05
139,0.18683959253113747,0.0025841430638613837,4.347483174461946e-08,0.0037392130527409764,0.024407640123093537,1,1,-2.007983577014536e-06
140,0.18655698016250843,0.0024667510447642653,4.4485238666679794e-08,0.0035823033724835906,0.023475959847582564,1,1,-1.580238462246461e-05
141,0.18627332223168303,0.0023550871375180157,4.75168806083708e-08,0.003433582056548731,0.02259911696407869,1,1,-2.8038559276481495e-05
142,0.18598952825697856,0.0022489085829498715,5.269200299516796e-08,0.003292892260567552,0.02176209825906796,1,1,-9.583390694948364e-06
143,0.185735693396333,0.0021478601632128652,5.5922028214450874e-08,0.0031575728623647673,0.02095879507990063,1,1,1.7985567271728653e-06
144,0.18550425890859978,0.002051771568914807,5.50142970780391e-08,0.0030288483128747866,0.020194991948567734,1,1,6.497475655629036e-06
145,0.18528802307001913,0.0019602772380875044,5.4722011527524164e-08,0.002907541597703048,0.01947749101156546,1,1,2.3120895801210644e-05
146,0.1850983613885413,0.0018730818296051597,5.549675808046149e-08,0.0027908769110038196,0.0188002517437177,1,1,1.252280552181494e-05
147,0.18490760572646736,0.0017901608584520192,5.6331874795714355e-08,0.0026808163000623312,0.018164614733597935,1,1,-6.913705113905706e-06
148,0.18470641888968142,0.0017113732219404144,5.781916739971229e-08,0.0025769636207670543,0.017567299883778958,1,1,-1.561274689957325e-05
149,0.18450506737167705,0.001636508628687791,6.093755808444558e-08,0.0024787170244955433,0.01700395853005868,1,1,-9.203560526396646e-06
150,0.18431821949423255,0.0015653592626444274,6.16848117459751e-08,0.0023853750130996628,0.016471022943128244,1,1,-8.247268106262659e-06
151,0.18414001681570147,0.0014977360135045442,5.9443454866713524e-08,0.002296653810458993,0.0159661433949326,1,1,-1.4069581971095301e-05
152,0.18396328471934908,0.0014334373225081613,5.941467672465014e-08,0.002212163659884327,0.015489481972862179,1,1,6.341580479010981e-06
153,0.18381389281013094,0.0013721512814747492,5.890702273687996e-08,0.0021297150328234405,0.015035106749939995,1,1,8.66333624177819e-06
154,0.18367348285110308,0.001313899575609213,5.576152015679342e-08,0.0020514071800968254,0.0146052471460568,1,1,1.8567785825483719e-07
155,0.1835309394021447,0.0012585117363450545,5.349125359057021e-08,0.0019772969791967384,0.014199694103005207,1,1,-9.881907032619148e-06
156,0.183384354111926,0.0012058343164890251,5.223694080607947e-08,0.001907059197429908,0.013813003598539217,1,1,-9.32628477066496e-06
157,0.1832440488560323,0.0011557178381731998,5.277017701275771e-08,0.0018403081891584252,0.0134486971073745,1,1,-9.087418930145988e-06
158,0.1831094294761697,0.0011080450668112109,5.37146248235929e-08,0.0017772551251915571,0.013106627784861186,1,1,-1.8450922571999198e-08
159,0.18298904256630122,0.0010626731477022114,5.21202251624439e-08,0.0017168188093591528,0.012783918079131883,1,1,5.230266029954632e-07
160,0.1828741257862072,0.001019478653508499,5.219783219457608e-08,0.0016591848417299745,0.01248112732693424,1,1,7.147481476513042e-06
161,0.1827705299385638,0.0009783384326944905,5.2894331131744586e-08,0.001603932160758333,0.012196127141726465,1,1,1.1582603580282622e-05
162,0.18267585400479813,0.0009391460325455734,5.295259324311108e-08,0.0015509134308923196,0.011927999285459739,1,1,2.110586192314936e-06
163,0.182575993203977,0.000901842240854738,5.3853748680936006e-08,0.0015007095247977892,0.01167763936342766,1,1,-7.304169854200756e-06
164,0.1824707928833038,0.0008663286057181355,5.561446328802567e-08,0.001453172538124577,0.011444539131766636,1,1,-8.269265445940834e-06
165,0.18236850177152286,0.0008325084461141324,5.7477452284112987e-08,0.0014080568120462534,0.011227063655191525,1,1,-9.230922783035482e-06
166,0.1822689360167744,0.0008002880511570657,6.058849968721634e-08,0.0013650275982331262,0.01102314170685428,1,1,-9.801309022695084e-06
167,0.18217231625930497,0.0007695847124661393,6.453177626773984e-08,0.0013244774372627496,0.01083393780815712,1,1,-5.16626824140909e-06
168,0.1820836661835119,0.0007403099004912839,6.764018325653426e-08,0.0012864889748229083,0.010659685653643964,1,1,9.918357552806707e-06
169,0.18201325967449344,0.0007123828274822326,6.606189670890483e-08,0.0012500310805308465,0.010497231510597775,1,1,5.620269724115036e-06
170,0.18194158184675735,0.0006857613665944912,6.482404180784796e-08,0.0012153539022636667,0.010347221932764036,1,1,6.257001190507956e-06
171,0.18187342392542782,0.0006603619855349726,6.359732894491235e-08,0.0011822579111769945,0.01020830466025129,1,1,1.5166654112011067e-05
172,0.18181691859173954,0.0006361014779802711,6.252466094487443e-08,0.0011503119898965501,0.010073950478998013,1,1,1.1571707822642907e-05
173,0.1817594504332809,0.0006129413478078931,6.200970629443202e-08,0.0011201116966065773,0.009950375951401948,1,1,5.169664069211083e-06
174,0.18169808581945035,0.000590837572564781,6.173487078365018e-08,0.0010914535001935613,0.009837091049766471,1,1,-8.730890333663084e-07
175,0.18163306764684806,0.0005697359902335834,6.165283759693378e-08,0.0010642573714221048,0.009734351266561057,1,1,-1.2828436405798997e-06
176,0.181569918400468,0.0005495844831748893,6.237783239883224e-08,0.001038199613032264,0.00964031514384142,1,1,-6.063001286745002e-06
177,0.18150417163712707,0.0005303355199840474,6.340846761227945e-08,0.0010134292284105881,0.009556026219409944,1,1,-9.34024138758628e-06
178,0.18143723167136017,0.0005119418288615958,6.495533228470404e-08,0.0009898589068475802,0.009480918868705262,1,1,-9.90862154234224e-06
179,0.18137171065249458,0.0004943610667774137,6.651029163946557e-08,0.0009673998530852275,0.009414496208271058,1,1,-9.376970050365189e-06
180,0.18130861811723586,0.0004775464997221084,6.773300179972202e-08,0.0009459416178949333,0.00935681126431922,1,1,-8.916733665169321e-06
181,0.1812478025657387,0.00046146597937035883,6.827996203571718e-08,0.0009254831390098754,0.009307580559234342,1,1,-3.7746193793381164e-06
182,0.18119386920765956,0.00044608128025323314,6.726277220988892e-08,0.0009059020240705744,0.009266098772546728,1,1,-6.491005490287894e-06
183,0.18113889119560667,0.0004313619123122632,6.670009791130331e-08,0.0008872484523630177,0.00923281459040707,1,1,-6.667721369672244e-06
184,0.18108533478875666,0.00041727312540623625,6.629515537996239e-08,0.0008694262069466078,0.00920736589253749,1,1,-3.1646138881762063e-06
185,0.18103681013731654,0.00040377571857433707,6.530482907536353e-08,0.0008521177946075005,0.009189662934713887,1,1,-8.491275265366176e-07
186,0.1809920759755821,0.00039084149824497073,6.430259587928332e-08,0.0008354634695989148,0.009179943602138977,1,1,-2.4825270571631798e-06
187,0.18094712681395886,0.00037845069776203956,6.412834137211234e-08,0.0008196142463953209,0.009178555295654126,1,1,-5.640861460649031e-06
188,0.18090037747766585,0.00036658118354841707,6.445143402761154e-08,0.0008045587222693126,0.009185407669837522,1,1,1.3858804771769748e-06
189,0.1808619541257368,0.00035521249738591277,6.578025640991602e-08,0.0007900712647450418,0.009199550010069512,1,1,3.941298665600242e-06
190,0.18082733367778614,0.00034430720650817164,6.738381765616028e-08,0.0007763095773573891,0.0092222265600586,1,1,4.629418079623058e-06
191,0.18079459524757624,0.0003338519277947034,6.83901821648191e-08,0.0007632666975997342,0.009246845305257483,1,1,2.082861953905005e-06
192,0.18076045223837123,0.0003238273490200653,6.966982789824665e-08,0.0007508828146083299,0.00927932323860767,1,1,-1.1362865748789773e-06
193,0.18072418345087304,0.0003142133019213761,7.118263798676768e-08,0.0007391258448361228,0.009319490763991918,1,1,-1.0431897078720887e-06
194,0.18068905482993491,0.00030499081792995856,7.261338862303616e-08,0.0007279100226381227,0.009367771653305695,1,1,1.5110934804600057e-06
195,0.18065748524306002,0.00029614103970984954,7.363116690182939e-08,0.0007171273263415325,0.009423364712848516,1,1,2.3152779190653864e-06
196,0.18062768082286373,0.0002876481421412318,7.462615568659178e-08,0.0007069533868712369,0.009486870703001922,1,1,-5.14798067205544e-07
197,0.18059596389246524,0.0002794985335366222,7.596984806242965e-08,0.0006972880068195222,0.00955777271683216,1,1,-9.185160100013434e-07
198,0.18056472304558113,0.00027169179716780693,7.708555732133587e-08,0.0006882256452726827,0.009637720549220357,1,1,5.724139784239625e-06
199,0.18054096342161063,0.0002641845621610667,7.622337203593321e-08,0.0006796674528768513,0.009726533957811413,1,1,4.699605341936107e-06
200,0.18051698448068176,0.0002569936892336827,6.027584680650483e-08,0.0006714665500283021,0.009824394426408273,1,1,3.097120445713869e-06
201,0.1804921762573064,0.00025007960251124457,5.997771110032325e-08,0.000663655587365848,0.009931681727478235,1,1,3.32133878974597e-06
202,0.18046833570466636,0.00024344447288183262,5.972474974037708e-08,0.0006562039082994905,0.010048428512491239,1,1,1.0598291142422497e-06
203,0.1804429470018687,0.0002370841417766901,5.964180695602478e-08,0.0006491287865191537,0.010175292580143734,1,1,2.777674046366012e-06
204,0.18041995981878234,0.0002309745684695598,5.955778675097887e-08,0.0006423263896723761,0.010312532802144656,1,1,3.5681133124285934e-06
205,0.18039842174371712,0.000225112780945685,5.94484896214286e-08,0.0006358103147907166,0.010460736209303644,1,1,5.021135659204005e-06
206,0.1803789700641032,0.00021948906768066016,6.002272054937974e-08,0.0006294888536984127,0.010619996905450593,1,1,4.6379137829325506e-06
207,0.18035974588283432,0.0002140997703675459,6.06113185922769e-08,0.0006234649025724885,0.010790894143439856,1,1,4.316699141885286e-06
208,0.1803407866441924,0.00020893642451422022,6.114010232583234e-08,0.0006177303915781855,0.01097397559430288,1,1,2.3933964935441692e-06
209,0.18032046647522226,0.0002039896316790537,6.173817922583871e-08,0.0006122959283363062,0.011169921980536323,1,1,5.577431034043565e-07
210,0.1802988488777335,0.00019925493091531142,6.244098048594937e-08,0.0006071474126908538,0.011379312659975039,1,1,-1.1934275651350207e-06
211,0.18027599481201784,0.0001947248586763704,6.301020424271809e-08,0.0006022763592733004,0.01159508982813914,1,1,-2.1676608587247465e-06
212,0.18025265933928214,0.0001903941894728323,6.344952022345304e-08,0.0005976630034969251,0.011822988335620425,1,1,-2.0300269222911846e-06
213,0.18022993263319154,0.00018625700571286806,6.35559423239606e-08,0.0005932839235784609,0.01206498344198216,1,1,-3.591770219245215e-06
214,0.18020609444828528,0.00018231002487897348,6.36455728352302e-08,0.0005891421251379144,0.012321024058790337,1,1,-3.840038452744356e-06
215,0.18018243755675023,0.00017855273538406723,6.34897071961069e-08,0.0005852254400634728,0.012591663520377244,1,1,-5.07744960725873e-06
216,0.1801579524345016,0.00017497425484623564,6.345062977600305e-08,0.0005815315541905962,0.01287910322462521,1,1,-6.4575598069995665e-06
217,0.1801324763662817,0.00017159381465446682,6.324170792008515e-08,0.0005780521856028476,0.013184096074389773,1,1,-7.17748815990035e-06
218,0.18010664865587978,0.00016837325007654116,6.341134346332195e-08,0.0005747739837039413,0.013507734048780886,1,1,-7.106965650118918e-06
219,0.18008124074194942,0.00016532710868612601,6.349491713183072e-08,0.0005716840854078019,0.013850634553810384,1,1,-7.950222535258972e-06
220,0.1800553196205965,0.0001624553816352547,6.365768271871121e-08,0.0005687827007133845,0.014213805660714392,1,1,-9.088875404349075e-06
221,0.1800285708340481,0.0001597545465199896,6.398529344169312e-08,0.0005660650020073032,0.014596805318931396,1,1,-9.17142904008012e-06
222,0.18000203166730544,0.00015722433609938606,6.427564398427874e-08,0.0005635173429063594,0.0149974838569494,1,1,-9.718646501216491e-06
223,0.17997521886989643,0.00015486521531904782,6.471131121074568e-08,0.0005611373545551942,0.01542104749934572,1,1,-7.79055864468639e-06
224,0.17995058880159398,0.00015267738065543292,6.496387281823103e-08,0.0005589151394660163,0.01586848946636297,1,1,-7.928321301374367e-06
225,0.17992605535756923,0.0001506650939906544,6.540172503850135e-08,0.0005568220626346357,0.016340751849603468,1,1,-4.755182511619246e-06
226,0.17990490993155994,0.0001488218930517688,6.494278373339471e-08,0.0005548402360431735,0.016839041926262115,1,1,-5.432088063385124e-06
227,0.17988328615799265,0.00014715399294601872,6.468177005531031e-08,0.0005530016289100588,0.01736395490340228,1,1,-4.089514441280696e-06
228,0.1798631843558307,0.00014566084771343735,6.393988466767737e-08,0.0005512679555362588,0.0179142764166036,1,1,-4.136641723905642e-06
229,0.17984319606660137,0.0001443473491510776,6.360001489674994e-08,0.0005496473079443916,0.018494343364150324,1,1,-1.8278925036138417e-06
230,0.17982565794915795,0.0001432327720506616,6.316301779672593e-08,0.0005480659309477081,0.019100571999077654,1,1,-1.406394551713505e-06
231,0.17980866309538257,0.00014228690217825228,6.25002271005114e-08,0.0005465870972371155,0.019729298895208598,1,1,-1.3884968006334355e-06
232,0.17979178925168027,0.00014153246469001624,6.20010239785251e-08,0.0005452221616196224,0.020389806691504562,1,1,2.5899942126972144e-07
233,0.17977664527485548,0.0001409775943101763,6.172815744417153e-08,0.0005439640006384193,0.02108316823213944,1,1,-5.68964841636191e-07
234,0.1797607346781387,0.00014062001197000224,6.169503627594636e-08,0.0005428367127149491,0.021811018771178234,1,1,-9.640034892440495e-07
235,0.17974446827460966,0.00014046811215107425,6.184842752670271e-08,0.0005418357121121282,0.02257413686841385,1,1,4.406628286436974e-06
236,0.17973358890065283,0.00014052849403994335,6.207020997056451e-08,0.0005409211553137835,0.023373555446402395,1,1,3.549715051395339e-06
237,0.1797218467381143,0.0001408082616669148,6.248890343066121e-08,0.0005401302985616759,0.024210359207062236,1,1,2.7229788562837505e-06
238,0.17970924753985007,0.0001413124125179219,6.299364846709901e-08,0.0005394607861323445,0.025082928338272054,1,1,2.075026755301526e-06
239,0.1796959454280902,0.0001420497404266128,6.363589619648046e-08,0.0005389125560306698,0.025988509395859775,1,1,4.229758206339757e-06
240,0.17968471782935636,0.00014303098120771102,6.427157607893831e-08,0.0005385014193525735,0.02692101954682046,1,1,4.511551458815005e-06
241,0.17967366565954324,0.0001442817187267502,6.479176213564896e-08,0.0005382039760716131,0.027891524605118352,1,1,5.223542338210606e-06
242,0.17966319005075704,0.0001457745743438997,6.518998633380992e-08,0.0005379887790625508,0.02890041509519948,1,1,5.582640271706579e-06
243,0.17965291102175085,0.00014754034671506268,6.564569233038266e-08,0.000537866757389027,0.02994811721923203,1,1,5.5046722059448854e-06
244,0.17964236190999694,0.00014958946601694665,6.6253878939852e-08,0.0005378623645315423,0.031036957951616685,1,1,5.086907332530647e-06
245,0.17963117163467124,0.0001519276895037149,6.697841938605528e-08,0.0005379685533808111,0.03216490821921175,1,1,6.461615704905559e-06
246,0.1796211003857815,0.00015456921421268502,6.725627375129444e-08,0.0005382024877191908,0.03332319604423448,1,1,5.817729286378949e-06
247,0.17961009792138105,0.00015752228010714261,6.75845320552554e-08,0.0005385561188888249,0.034512184283226145,1,1,5.109143101832858e-06
248,0.1795980658428944,0.00016080562854178348,6.805174716180303e-08,0.000539022921435497,0.03573820154068001,1,1,4.40773406975309e-06
249,0.1795849746407523,0.00016445289184132195,6.855710529834448e-08,0.0005396029879143166,0.03700067184508669,1,1,3.7855797254294134e-06
250,0.17957086425834223,0.00016846404435802735,5.6313379604378344e-08,0.0005403012685562353,0.03828797387338086,1,1,3.2196453360046534e-06
251,0.17955575158993997,0.0001728082086886273,5.6663518837383716e-08,0.0005411154680596353,0.03958534563733991,1,1,2.5359283428955936e-06
252,0.17953948411738008,0.00017753543578348982,5.708031018775558e-08,0.0005420449476826693,0.040911620636904934,1,1,1.9620641146859784e-06
253,0.17952213006896,0.00018264171119254617,5.7477187359240936e-08,0.0005430958560579006,0.04225101703445877,1,1,1.9060799275753022e-06
254,0.1795041678733318,0.0001881650497126265,5.77124166969396e-08,0.0005442235317025209,0.0436167228828425,1,1,3.054633749927535e-06
255,0.17948675733788222,0.000194112547048515,5.7721526213010026e-08,0.0005454667540891987,0.04500996469608862,1,1,2.3988416886689674e-06
256,0.17946804667385274,0.0002005256255261263,5.7829146707351095e-08,0.0005468255208689959,0.046429612932768795,1,1,1.7173758507835242e-06
257,0.17944796022872778,0.0002073891196526062,5.8046996426381485e-08,0.0005482976631944948,0.04787393089109173,1,1,9.995419823262893e-07
258,0.17942641149796845,0.00021473065886249971,5.828562472906632e-08,0.0005498840750316343,0.04934393803124712,1,1,2.4453284458043957e-07
259,0.17940331052861058,0.0002225531592682696,5.852586248254019e-08,0.0005515845353864662,0.05083069402170916,1,1,-5.73134089018456e-07
260,0.17937854331221104,0.00023090131966536473,5.887641072584781e-08,0.0005534032763112763,0.05234019166259174,1,1,-1.4718901895073805e-06
261,0.17935197130901726,0.00023978858510301137,5.9395116258506065e-08,0.0005553415161755161,0.05387254771558968,1,1,-2.0312221564681937e-06
262,0.17932387447714326,0.0002492682200024858,6.007985949880027e-08,0.0005574148293923548,0.055427359483843634,1,1,-2.26677901778802e-06
263,0.17929451306257893,0.00025931146214112693,6.076543366918e-08,0.0005596064285976816,0.057001019184901164,1,1,-1.4386813660263095e-06
264,0.17926488804303475,0.00026996384205202356,6.070895682311421e-08,0.0005618214807581797,0.05860426937210194,1,1,-8.64510886947612e-07
265,0.1792346755599481,0.00028124731003486344,6.07467794244198e-08,0.0005642586288807211,0.06022703501424598,1,1,-1.878155981644889e-07
266,0.1792039061412063,0.0002932027750203389,6.091387361441253e-08,0.0005668133492474145,0.06183561930269014,1,1,-5.162128744431093e-07
267,0.17917150474717958,0.00030585720323897815,6.128505220345673e-08,0.0005694852975931385,0.06343095577881294,1,1,-1.453563525915887e-06
268,0.17913678896834861,0.00031918890117843015,6.176531604452985e-08,0.0005722879402883392,0.0650115588953314,1,1,-2.55794434575323e-06
269,0.1790995250468499,0.00033319997833770117,6.22671405690855e-08,0.0005752204088470669,0.06658021331060028,1,1,-4.150177287080882e-06
270,0.1790591577513645,0.00034801218536168637,6.321914792849661e-08,0.0005782944258189317,0.06815562629159015,1,1,-2.7700411316811796e-06
271,0.1790185724562916,0.0003636374570295609,6.388494663024902e-08,0.0005813599832074776,0.06972210822211039,1,1,-1.8700063872253983e-06
272,0.17897720097701475,0.0003801372531872263,6.440421937598526e-08,0.0005845104296106829,0.07129122325853116,1,1,-1.2600294400243775e-06
273,0.17893465353734617,0.0003974969761544881,6.474702739244432e-08,0.0005878669998565904,0.07287675129503954,1,1,-2.681215512559198e-06
274,0.17888879591088647,0.00041580710647438587,6.534407169063611e-08,0.0005913972435822763,0.0744671526284197,1,1,-5.438336701713654e-06
275,0.1788381826240959,0.0004350956802439778,6.622216976316896e-08,0.0005951141929803632,0.07605495079404975,1,1,-4.633748854474071e-06
276,0.17878625990556785,0.0004553372379436909,6.715757283988703e-08,0.0005991868769411378,0.07759824295075929,1,1,-2.050709207091033e-06
277,0.17873470368568656,0.0004762390658659846,6.811549929897342e-08,0.00060325895141359,0.07892078504768789,1,1,3.0016374632799777e-06
278,0.17868595962308853,0.0004981659932377668,6.856169038167743e-08,0.0006073184662026048,0.08020002493612155,1,1,-1.1308275574852103e-06
279,0.1786307209418645,0.0005211318733035345,6.940134255215869e-08,0.0006115682450823928,0.08144930717085094,1,1,-3.976958842584965e-06
280,0.1785701511673643,0.0005452020707350303,6.998955432280362e-08,0.0006160528666818318,0.08266001120117646,1,1,-7.5305477532148805e-06
281,0.17850341288243654,0.0005703385386859115,7.000800690771367e-08,0.0006208145927204417,0.08384527782840136,1,1,-1.2524797503422327e-05
282,0.1784289269921706,0.0005964379150114932,7.170395243664183e-08,0.0006257415889875283,0.08491640207364368,1,1,1.4227480174667888e-06
283,0.1783655500865835,0.000623269939328323,7.245543066945896e-08,0.0006305897730992766,0.08581880952619868,1,1,1.0218299056570024e-06
284,0.17829887788345644,0.0006512216514821265,5.910387791215259e-08,0.0006357751953654839,0.0866652401300309,1,1,-4.849053298472143e-06
285,0.17822329037833562,0.0006799313081181921,5.867062450980566e-08,0.0006411804586014008,0.0873120923340208,1,1,-1.1592212423834728e-05
286,0.1781378421235711,0.000709724508908681,5.8222279769665166e-08,0.0006469070209317234,0.08789780045949123,1,1,-9.694774010034159e-06
287,0.17805103423179203,0.0007401250930246341,6.009868649086866e-08,0.000652675978696296,0.08831113686558814,1,1,4.673043245891542e-06
288,0.17797531907945174,0.0007711149697881582,6.101342107209003e-08,0.0006580803608338666,0.08856712389075287,1,1,-2.9877411211295577e-06
289,0.17788860884135227,0.000803074219621278,6.173161441579097e-08,0.0006638016286143525,0.08875750003270036,1,1,-1.0064061406933077e-05
290,0.17779134766267446,0.0008359502021307747,6.009464972857439e-08,0.0006701262861609739,0.0889041135539749,1,1,-1.1280495663552995e-05
291,0.1776892400568042,0.000869153303131731,5.997609146144425e-08,0.0006767049417431503,0.08886507044107252,1,1,1.8074514108654658e-06
292,0.1775965899640528,0.0009022227571420102,6.26000127152519e-08,0.0006830949025669293,0.0885236957982816,1,1,2.994695168734242e-07
293,0.17749891911749138,0.0009360526116512722,6.34984283660484e-08,0.0006893808038714534,0.08813922804705439,1,1,-1.9866565898888204e-05
294,0.1773774224361695,0.0009705268768176647,6.204261532937932e-08,0.000696024761805753,0.08775036824806831,1,1,-5.817651610286916e-06
295,0.1772661828194635,0.0010049215716085966,6.205035947012848e-08,0.0007030462588592341,0.08720041549193602,1,1,-2.6389086898616755e-06
296,0.1771543735511334,0.0010393339054507419,6.625476839870718e-08,0.0007101810020427706,0.0865121331774581,1,1,5.706959213835168e-06
297,0.17704720771224514,0.0010737512777539012,6.56604749175939e-08,0.0007169500804786137,0.08571198237883942,1,1,-1.5731293045399147e-05
298,0.17691483720931434,0.0011083876528388973,6.419834062351576e-08,0.0007240729578696449,0.0848831322890834,1,1,-6.544332996295262e-06
299,0.17678781491135176,0.0011419615721273279,6.707734696820326e-08,0.0007308914059861143,0.08379891640627046,1,1,-4.003075640808486e-06
300,0.1766598082411135,0.0011757327501242605,6.874439365997641e-08,0.0007385239989151965,0.08274508664694204,1,1,-2.2867336105280634e-06
301,0.17652986138740867,0.001209637355702562,6.51541791412486e-08,0.000745886697555162,0.08173462991727365,1,1,3.743012584237046e-07
302,0.1763987569709755,0.0012422763216687676,5.6751053726660675e-08,0.0007529743654849834,0.0805011213261283,1,1,-7.719071587847356e-06
303,0.17625603747275465,0.0012740379728716869,5.821391346236086e-08,0.0007601165898934295,0.07915665677513653,1,1,-2.298793805400321e-05
304,0.17609469251442644,0.0013056684579566132,5.651850328131905e-08,0.0007676031725125344,0.07788114062739457,1,1,6.3696282866111795e-06
305,0.17595924438810573,0.0013363935835071883,5.419491082789606e-08,0.000774851096252878,0.07655833170005713,1,1,-4.4057663119906115e-06
306,0.17580960384563493,0.0013658872632843389,5.5690412488503134e-08,0.0007817700611356977,0.07514601773215843,1,1,-2.2159221834949718e-05
307,0.17563903025700478,0.001394575470736214,5.3823314336944934e-08,0.0007890669356290594,0.07373035668100057,1,1,-2.41332229208769e-05
308,0.175463361225074,0.0014220897540604916,5.205290114316831e-08,0.0007960526461084701,0.07228247993845478,1,1,8.822682872180912e-06
309,0.17531763581641124,0.0014476298043825542,5.4021021583368374e-08,0.0008022073926766529,0.070722317790471,1,1,1.3544715751239356e-06
310,0.17516173041112704,0.001472436121099997,5.3888745590869314e-08,0.0008083876506292158,0.06924050150343376,1,1,-2.901477560231217e-05
311,0.17497272252242224,0.0014964371135873177,5.220501266045432e-08,0.0008148797571500636,0.06783110093272254,1,1,1.428755203240016e-05
312,0.17482429420429435,0.0015172819656525897,5.458186618218556e-08,0.0008196649202345482,0.06620438496121712,1,1,2.076092575665475e-06
313,0.17466151215690617,0.001536851535877487,5.553787069031763e-08,0.0008245140941063742,0.0646344140707164,1,1,-1.532614442718158e-05
314,0.1744792387911036,0.0015552649235426696,5.326482777960492e-08,0.0008300318714574806,0.06314970305518011,1,1,-9.244884054634912e-06
315,0.17430096368891945,0.0015710450238086583,5.516198651624603e-08,0.0008347456453111812,0.06159106525574813,1,1,-2.111082955516812e-06
316,0.17412817690381144,0.0015850549449348342,5.5562715038976464e-08,0.0008389571807540748,0.0600793016987379,1,1,-1.2864253823302943e-05
317,0.17394309688363263,0.001597112166987439,5.344439579924568e-08,0.0008432745839122207,0.058585669867181736,1,1,-1.3154820495808912e-05
318,0.17375637127452292,0.001606498840670603,5.29776078631868e-08,0.0008469644026463095,0.057044816660351286,1,1,-2.0195010100555028e-05
319,0.17356165004588986,0.0016134312611612823,5.546929098440238e-08,0.0008501993054069953,0.05550997582400666,1,1,1.4122698822116667e-05
320,0.17340059731329105,0.0016184019584516004,5.407912699184188e-08,0.0008532320434449806,0.05405455878266616,1,1,-5.390523158567819e-07
321,0.17322428825488734,0.0016212756612690184,5.345500846233749e-08,0.0008562955084259812,0.05264802672149593,1,1,-3.888098918936153e-06
322,0.17304422996969726,0.0016210267109764524,5.699099656766135e-08,0.0008581316528768954,0.05118395765086004,1,1,-1.2971159671734596e-05
323,0.1728552071565599,0.0016183266735408848,5.954253427790204e-08,0.0008600671527628806,0.04974062391639207,1,1,4.589532283001143e-06
324,0.17268412729803329,0.0016135437177464897,5.736807999434153e-08,0.0008619476016886858,0.04836236453934989,1,1,4.4763767520252776e-06
325,0.17251341392834463,0.0016060124793366298,5.8565976172413115e-08,0.000862955742034302,0.04697387685696508,1,1,3.7586935835770736e-06
326,0.17234285131053406,0.0015960582803976457,6.107992712510758e-08,0.0008636128474722082,0.04560629899883302,1,1,-1.062121594010791e-05
327,0.1721590707294527,0.0015842267832786373,6.120470697901753e-08,0.0008647276385712336,0.04431025934080225,1,1,-6.482451089103391e-06
328,0.17198072513919227,0.001570421388163149,4.8113871999403916e-08,0.0008657675342298732,0.04307494221165942,1,1,1.4714386057399572e-06
329,0.17181173801520822,0.0015542794177478717,4.980786727631559e-08,0.0008656220022176123,0.041806155792925584,1,1,-9.009940403301056e-07
330,0.17164217685805072,0.0015376281480241373,5.2243488702525576e-08,0.0008656773117058721,0.04058368690444443,1,1,-3.090255908685545e-06
331,0.17147227341794813,0.0015204697674682255,5.211426409581003e-08,0.0008659305927046312,0.03940546718410876,1,1,-1.2436569269111425e-05
332,0.1712949030765598,0.0015031287590960788,5.154968211564462e-08,0.0008662127885797138,0.03828839023482878,1,1,1.7184920180950375e-05
333,0.1711489822955925,0.001484884047870616,5.42929463616474e-08,0.0008654748576228135,0.03715489326154259,1,1,1.6157929775602282e-05
334,0.17100407527655337,0.0014664632525736273,5.7236188313160916e-08,0.0008650287107164659,0.03607299922079672,1,1,-6.604359302498324e-06
335,0.17083844440351936,0.0014480008671892883,5.734167451258097e-08,0.0008648785863522499,0.035052285137012355,1,1,-3.0822971320314935e-05
336,0.17065058802727817,0.001429530947035194,5.696760350781669e-08,0.0008648046440203269,0.03408442849682224,1,1,-8.434698757216023e-07
337,0.17049467167013588,0.00141069043970852,5.119891705294702e-08,0.0008639961200361203,0.033129471661920304,1,1,1.2286399309938248e-05
338,0.1703539158601146,0.0013914968949849478,5.247115870166127e-08,0.0008629180983796357,0.032190728509042525,1,1,-1.038787218275841e-05
339,0.17019260399169855,0.0013723640491014543,5.29165045562894e-08,0.0008618841876703711,0.03130085528597909,1,1,-2.05156749832553e-05
340,0.17002324558403803,0.0013532589232046186,5.174961999071139e-08,0.0008608641410169243,0.030457999188359727,1,1,-2.4708532394859692e-05
341,0.16985173325631697,0.001334238839708412,5.0534094485813925e-08,0.0008599000145168001,0.029658457086740662,1,1,2.002165380515371e-05
342,0.16972694749541795,0.001314864866222543,5.029587872427675e-08,0.0008581464089617082,0.02885405675775001,1,1,1.549537135738793e-05
343,0.16959973896652714,0.001295394363531412,5.223849716739085e-08,0.0008558683270503859,0.02806118373951056,1,1,-6.681996220168966e-06
344,0.169452522599155,0.0012760974222165685,5.334297235456012e-08,0.0008535849611424327,0.02730931397228601,1,1,-1.4624316529671127e-05
345,0.16929949219801355,0.0012569834925674273,5.301370574802531e-08,0.0008513906794929565,0.026597878294479686,1,1,-1.605160310263581e-05
346,0.16914711565865082,0.0012380447289202096,5.2167002941798484e-08,0.0008493754962173269,0.02592501121118407,1,1,-2.80279144161986e-07
347,0.16901253592460863,0.0012191815378374683,5.145800564614307e-08,0.0008471302395917745,0.025276746019094107,1,1,6.242807680551996e-06
348,0.1688864806807877,0.0012002225301163921,5.25044067734423e-08,0.0008440591573646608,0.024625513634762727,1,1,-2.431720259534067e-06
349,0.16875385306331747,0.0011815129100172582,5.364326447629656e-08,0.0008410176649732844,0.024006825945963293,1,1,-1.0474644699055434e-05
350,0.1686152417704605,0.0011630478269627014,5.363105223495993e-08,0.0008380924770327486,0.023421695764933352,1,1,-1.833387273196454e-05
351,0.16847077866436955,0.00114483675819566,5.317818715255713e-08,0.0008352113164743246,0.022865549252786964,1,1,-1.9947637153927008e-05
352,0.16832666319685874,0.001126865930155477,5.159837028608341e-08,0.0008321391196853357,0.02233526723062044,1,1,-2.190642526497317e-05
353,0.16818250575066584,0.0011091550375207165,5.050210483753255e-08,0.0008289895293531825,0.02183048795257039,1,1,5.880291777087806e-06
354,0.16806801058976228,0.0010914400862423329,5.133326493613079e-08,0.0008250947099161638,0.021323080849157024,1,1,1.0847277566162193e-05
355,0.16796043478008893,0.0010739538445092157,5.254831511923817e-08,0.000821081394435229,0.020835732753809,1,1,2.3281530463495825e-06
356,0.16784626234355304,0.0010567546084438019,5.365694109045066e-08,0.0008171057449962709,0.020373440785537208,1,1,-5.663372021892367e-06
357,0.1677259734508727,0.0010399203218008626,4.750085018987675e-08,0.0008129844467384069,0.0199323331262764,1,1,1.2594699372132603e-05
358,0.1676257801950949,0.001023287088347485,4.742348790803567e-08,0.0008086810478019212,0.019511027934139266,1,1,6.528897556837789e-06
359,0.16752131193419895,0.001006941089131007,4.6984809931610877e-08,0.0008041992041989182,0.019108231476499864,1,1,-3.008809153951276e-06
360,0.16740906746611017,0.0009908886881673598,4.67183326885141e-08,0.0007997245461822209,0.018724532879263428,1,1,-5.143217043999054e-06
361,0.16729641247314841,0.0009750801202047877,4.668841439037474e-08,0.0007951574779895538,0.018353895137643853,1,1,1.014811113240807e-05
362,0.16720075581451366,0.00095946325137884,4.428106672716597e-08,0.0007901393466377495,0.01798546998320695,1,1,8.86650875605083e-06
363,0.16710555037324015,0.0009441008565361943,4.5692770260053545e-08,0.0007851587020991701,0.017636636258143393,1,1,2.64135827622358e-06
364,0.1670058092237796,0.0009290270873795995,4.7029033682291085e-08,0.0007801153209233528,0.01730463154377644,1,1,3.4706568202750004e-07
365,0.16690542383394114,0.0009142411074336754,4.8307859825133496e-08,0.0007749735012132497,0.016987505266986863,1,1,2.0774858978107706e-06
366,0.16680838415598598,0.0008997188223271186,4.959913614074705e-08,0.0007698999521067866,0.01668644668363772,1,1,5.1092199544286075e-06
367,0.1667159537972127,0.0008854757180349539,5.021508074437543e-08,0.0007648929053026597,0.016401420987814608,1,1,1.902190085280127e-06
368,0.1666218522427283,0.0008715216137397518,5.0228215162713114e-08,0.0007599185683911767,0.016131276626633606,1,1,-8.439546645825087e-06
369,0.16651890734270602,0.000857848417010967,5.0116763214575884e-08,0.0007549179211054759,0.015874671149819542,1,1,-1.3220918198644706e-05
370,0.16641264865182626,0.0008444543192074568,5.0954174616878985e-08,0.0007499422855955704,0.01563209727962799,1,1,-4.3726274709351195e-06
371,0.16631667043463882,0.0008312514335948674,5.2198006597635124e-08,0.0007446263837842622,0.015392614590184903,1,1,1.5552446039602242e-05
372,0.16624206005560382,0.000818282371528957,5.2190134966452485e-08,0.0007391645631571336,0.015162413294985801,1,1,1.376334826518928e-05
373,0.16616708045429784,0.000805575755866478,5.247819507953632e-08,0.0007337758693750535,0.014945797256548245,1,1,4.061563713367842e-06
374,0.16608378140270186,0.0007931486575941506,5.287302570433789e-08,0.0007283722906836205,0.014741186054475207,1,1,-5.211791868502656e-06
375,0.16599256287973696,0.0007809879773553257,5.2967784881456894e-08,0.0007229550994923457,0.01454827883397457,1,1,-1.3364958825782446e-05
376,0.16589451764200014,0.0007690833400366844,5.289758608076802e-08,0.0007175114366487553,0.014366725540540252,1,1,-1.2775974123583892e-05
377,0.16579836153362693,0.0007574416160830756,5.2861262088701486e-08,0.0007120255550471501,0.01419648354348508,1,1,-5.031787071824978e-06
378,0.16571121918736864,0.0007461318890539849,4.738197683426603e-08,0.0007065648302137281,0.014038395402805163,1,1,1.0831208576475473e-05
379,0.16564116981647103,0.0007349471079044435,4.7287037912805566e-08,0.0007012965811852112,0.01389491200011254,1,1,6.424319455404761e-06
380,0.16556790911546515,0.0007240527880365291,4.559278192292764e-08,0.000696059021222453,0.013763025119897758,1,1,-1.7679158175311436e-06
381,0.16548762208410572,0.0007133602259291004,4.577271824168736e-08,0.0006908387529143953,0.013643110452717357,1,1,-9.62086048219737e-06
382,0.16540062469054528,0.0007029042688504876,4.5946395701950044e-08,0.0006856357056024668,0.013534699870266197,1,1,-7.873963271381616e-06
383,0.16531649180647712,0.0006926732765602311,4.5650821815978584e-08,0.0006804216932530384,0.013438108064377327,1,1,-1.7839367825535265e-06
384,0.16523953504263011,0.0006826388095670749,4.467757786869121e-08,0.0006749463621713074,0.013345540167327093,1,1,-3.6674284622697503e-06
385,0.16516178585963082,0.0006728163220285229,4.356228268536205e-08,0.000669363193271134,0.013261413723867728,1,1,-9.713231828151843e-06
386,0.16507907293567659,0.0006632171402010079,4.2764774696969136e-08,0.00066384144928089,0.013189469756516203,1,1,-6.477628394411687e-06
387,0.16500065220600524,0.0006538323459769943,4.226008593063476e-08,0.000658462220078123,0.01313071186540505,1,1,-4.001333083731757e-06
388,0.1649257337968979,0.0006446536021859349,4.255384996564372e-08,0.0006531536100000495,0.013085458489251318,1,1,-1.4302500522529293e-06
389,0.16485438472534097,0.0006356937877409734,4.25752417988432e-08,0.0006478428909483127,0.013053438734867875,1,1,-3.1378494346309585e-06
390,0.16478229545602785,0.000626978818449093,4.2232562560197175e-08,0.0006425729143056548,0.01302984259207254,1,1,-4.614561871831268e-06
391,0.16470966898490147,0.0006185090661082803,4.238334043646238e-08,0.000637353191988822,0.013016969494454467,1,1,1.5667378046856377e-06
392,0.16464413809873535,0.00061026979817626,4.368253416608294e-08,0.0006321052003843322,0.013017315464834088,1,1,-2.658318861855025e-06
393,0.16457527583618048,0.0006023820281717909,4.106988073311942e-08,0.0006268976442183327,0.013031777652513048,1,1,-4.25107743081943e-06
394,0.16450568329575832,0.0005946533600398778,4.099020072819044e-08,0.0006216978993075345,0.013060079951968513,1,1,1.0585792524208255e-06
395,0.16444225073864405,0.000587106067558558,4.0867870833460956e-08,0.0006166772076195105,0.013105455699517987,1,1,8.61352338376716e-06
396,0.16438719072908548,0.0005797836078644178,4.05984964935994e-08,0.0006116797031422104,0.013167819845999846,1,1,5.52115269285439e-06
397,0.16432982498576276,0.0005726854759478411,4.0944493171668234e-08,0.0006067407498676002,0.013247999669798224,1,1,2.644430045242781e-06
398,0.16427034608915791,0.0005658071837410199,4.1915974222325226e-08,0.000601881212086361,0.013347287567851682,1,1,-1.089257688827839e-06
399,0.16420787231824985,0.0005591446392520908,4.3017107338224595e-08,0.0005970936731703107,0.013464402998370154,1,1,-6.8963228786667315e-06
400,0.1641403070499483,0.0005527007246549745,4.411907053969378e-08,0.0005923659634992364,0.013602998087075682,1,1,-1.0668868672901955e-05
401,0.16406966193856887,0.0005464758623565085,4.545040280106133e-08,0.0005876717570427437,0.01376432858556133,1,1,-1.0179307219248697e-05
402,0.1640001774418085,0.0005404593328227669,4.678689695137572e-08,0.0005829868349804215,0.013949704597314639,1,1,-8.775437526735826e-07
403,0.16394064399415753,0.0005346172047094039,4.72169881766344e-08,0.0005779929482132593,0.01415126676535378,1,1,-8.970323345236305e-07
404,0.16388173778640747,0.0005291302325937209,4.3392768233917045e-08,0.0005731237338924668,0.01435549727123456,1,1,2.855151014016639e-06
405,0.1638271960554878,0.0005236835916485445,4.4401317067421957e-08,0.0005683574958964877,0.014589922971689118,1,1,1.0478285747294401e-05
406,0.16378087333994729,0.0005184298445029298,4.562824734433714e-08,0.000563665095694527,0.014854126682166794,1,1,7.775075241762581e-06
407,0.16373242135893062,0.0005133731336047057,4.67674008872568e-08,0.0005590122010170111,0.01514065962857708,1,1,2.516274866494292e-06
408,0.16367926617220485,0.0005085186822021428,4.747535109053057e-08,0.0005544168486078563,0.015441584029202742,1,1,-9.922465137313368e-07
409,0.1636231388612004,0.0005038712090075606,4.788566528887203e-08,0.0005499021054909748,0.015776104374878315,1,1,5.558711662602028e-06
410,0.16357407583898542,0.0004994250737055511,4.8418105124932874e-08,0.0005454217004830826,0.016143080298416893,1,1,4.501089125194492e-06
411,0.16352443762374347,0.0004951903120739185,4.894858507146318e-08,0.0005409785919361467,0.016542176829474058,1,1,-5.311477989090966e-07
412,0.16347022644716702,0.0004911690579476668,4.8210133023013216e-08,0.0005366111217724286,0.016939615798870454,1,1,-3.3169734619780934e-06
413,0.16341367025360753,0.0004875301065369549,4.519920864110277e-08,0.000532370532545626,0.01737760567420093,1,1,-3.585152202502819e-06
414,0.16335725128388323,0.00048397302938667095,4.481746711116615e-08,0.0005282995816189152,0.0178621255794036,1,1,3.1774099296867465e-06
415,0.1633079787103182,0.0004806540900949213,4.35172693530153e-08,0.0005243396121124364,0.0183945988364372,1,1,1.6624429095995723e-06
416,0.16325754492661892,0.00047757694366282145,4.274823964816817e-08,0.0005204514633113033,0.018965923736266405,1,1,-2.06687337286422e-06
417,0.16320371092373054,0.0004747539091789857,4.2258764043692566e-08,0.0005166267038397894,0.019577188426842775,1,1,-1.7694246565852693e-06
418,0.1631504789628615,0.00047219561164759766,4.1762650222987236e-08,0.0005128905743151057,0.02024317905803108,1,1,4.501292322171897e-07
419,0.1630997368929723,0.00046991666516445733,4.1232509791756e-08,0.0005092051918961459,0.020965952219441242,1,1,1.2628151003653797e-06
420,0.1630500417886891,0.00046806522372899967,3.9682592138326854e-08,0.0005056477814450338,0.021754961414001472,1,1,-3.5364302502515586e-06
421,0.1629957390469683,0.00046639364919848664,3.920686808603118e-08,0.0005021773745216211,0.022596777604259374,1,1,-8.289118242867132e-06
422,0.16293685104770073,0.00046505259335974234,3.883542515264758e-08,0.0004987897846394746,0.023507093242917505,1,1,-8.487109258154378e-06
423,0.16287789818405507,0.0004640556237578673,3.87034238480854e-08,0.0004955958758232589,0.02449772010317072,1,1,1.4795400376242085e-06
424,0.16282899987430843,0.00046341759293864896,3.909045533181392e-08,0.0004925604212489841,0.025572959239968773,1,1,1.361609522223285e-06
425,0.1627800298832507,0.0004632676323339459,3.984170801432254e-08,0.0004895892635066278,0.026734842712874,1,1,-2.6343183268261435e-06
426,0.16272706445556206,0.00046345270166990777,4.170957854949971e-08,0.000486685882540647,0.027966237818635074,1,1,-1.1458360852921218e-07
427,0.1626765827552601,0.0004640771128117798,4.297492302560362e-08,0.00048384119296440936,0.02926606157243008,1,1,1.0335674488766131e-05
428,0.16263647186313168,0.0004651696499210794,4.178254375437994e-08,0.00048076434632117503,0.030639931245454034,1,1,9.709596300502565e-06
429,0.16259562366090052,0.0004667208494231192,4.028652174350951e-08,0.0004776807440710385,0.032119763473617585,1,1,1.1762810022367846e-05
430,0.162556673970907,0.0004687984987216451,3.853466954323291e-08,0.00047455478686217104,0.03369665955303973,1,1,7.203306337923776e-06
431,0.16251296281883687,0.00047131455022257656,3.790521959737967e-08,0.0004715244481243144,0.03537937478760883,1,1,2.5700531406850464e-06
432,0.16246436246788343,0.00047437534425484064,3.756299031380319e-08,0.000468598245735338,0.037174825284165554,1,1,-2.061935620299192e-06
433,0.16241081122751178,0.00047803279537133637,3.739302313989652e-08,0.0004657732673556732,0.039093580110424915,1,1,-5.532151872654468e-06
434,0.16235340145623267,0.00048233970792348023,3.725668033366057e-08,0.0004630266407825048,0.041132375616465405,1,1,-4.170273400636402e-06
435,0.16229688960653377,0.0004873958649591907,3.702689614278604e-08,0.0004604383454483393,0.0432793367101144,1,1,-8.390414372823448e-06
436,0.16223560735218356,0.0004931697852135396,3.712429970888254e-08,0.0004579751941959135,0.045550953973181776,1,1,-1.009125420981659e-05
437,0.16217198681544365,0.0004997581161136199,3.719140281281817e-08,0.0004555253749858589,0.047934653731685664,1,1,-6.642551401885199e-06
438,0.16211109098565846,0.0005072377377756872,3.776738855126168e-08,0.00045306156116286833,0.050429753122247394,1,1,1.7655576815676677e-06
439,0.1620577776536165,0.0005156846059295693,3.884339312125577e-08,0.0004504397457799602,0.05300591074434616,1,1,-6.888589407114755e-08
440,0.1620017201645343,0.00052505145255129,4.008480722044426e-08,0.0004479696594747387,0.05558482898390758,1,1,1.3251631436735363e-06
441,0.16194605195532796,0.0005354781829428694,4.101967543562874e-08,0.00044567786818409163,0.05822503761425115,1,1,2.531315531465288e-07
442,0.16188818494240254,0.0005470544267258065,4.167223469539543e-08,0.0004435225052678753,0.060915866882367956,1,1,-4.714798402643588e-06
443,0.16182409554060362,0.0005597821844953511,4.236951548320865e-08,0.00044155897121907764,0.06362754529521193,1,1,-9.486696359573137e-06
444,0.16175384999278242,0.0005737514422996598,4.2942735357327117e-08,0.0004397646476320062,0.0663530367366073,1,1,-1.1284192725891543e-05
445,0.16168028285196412,0.0005889968545527714,4.324676326693568e-08,0.00043806509193161257,0.06906489015213645,1,1,-8.934202264999149e-06
446,0.1616074019508147,0.0006055167329266796,4.3407377962039445e-08,0.00043625538787444863,0.0717233748047042,1,1,-8.924530820767886e-06
447,0.16153273603719986,0.0006232964580458432,4.29860950381027e-08,0.00043465961107411535,0.07430169035039427,1,1,-1.4391495336203673e-05
448,0.1614506630022361,0.0006423831388037415,4.311768106307133e-08,0.0004333220463050967,0.07678009426684858,1,1,-1.5431510288944003e-05
449,0.16136545768688992,0.0006627600370826044,4.349565885808136e-08,0.0004321306512795874,0.07912535738947082,1,1,-1.4020832196049313e-05
450,0.16127943201199613,0.0006843082989791863,4.313284053637784e-08,0.00043106942301876413,0.0812837864283725,1,1,-7.509267902199948e-06
451,0.16119756818088682,0.0007068176380055679,4.10607379007445e-08,0.0004303174321799384,0.08313984218108984,1,1,4.160589436576697e-06
452,0.16112494160337798,0.0007304292057596407,4.096993718751301e-08,0.0004296936039530148,0.0847857746500825,1,1,7.985841446800311e-06
453,0.16105359577566825,0.0007550113343202927,4.116723784213771e-08,0.00042925270939732287,0.08620206113757019,1,1,6.353203868924629e-06
454,0.16097796737375436,0.0007804554632580499,4.098140729510795e-08,0.0004291404868512859,0.08736783625751225,1,1,2.825484088420148e-06
455,0.16089606047582028,0.0008066867519455297,4.0249750357859654e-08,0.0004293419928048036,0.08827965760057083,1,1,-1.5572142268386192e-06
456,0.16080692564953414,0.0008335589113068326,3.891404216639007e-08,0.00042989658160629517,0.08893146959290729,1,1,-6.0259891858661094e-06
457,0.16071039492263206,0.0008608599478945353,3.749797302226985e-08,0.0004307910701412869,0.08931878723515628,1,1,-1.1263902509191476e-06
458,0.16061578287597333,0.0008884750752594915,3.594546054258613e-08,0.00043177913339678887,0.08944156028781225,1,1,-7.1309911299584545e-06
459,0.16051216317867834,0.0009162564997606936,3.471414108885445e-08,0.0004331527934889277,0.08931134571160385,1,1,-1.0481629458028977e-05
460,0.1604021642666711,0.0009438165715727054,3.351693675626066e-08,0.0004348792938887096,0.08889930681139897,1,1,-1.7226577300247903e-06
461,0.16029792961049893,0.0009708279179402781,3.1972775160151096e-08,0.00043700417251440685,0.0881951364172713,1,1,9.963945195121538e-07
462,0.16019349974066488,0.0009974470904403913,3.150555089205051e-08,0.0004397029235373251,0.08728570886120456,1,1,1.3379658145418639e-05
463,0.16009855897313074,0.0010234952685468338,3.213351242115771e-08,0.0004423573646896588,0.08618385491246067,1,1,6.988417739763606e-06
464,0.15999441201840314,0.0010487822581607624,3.313939431499154e-08,0.00044538473702146453,0.0849127319266491,1,1,-1.3166090494830463e-06
465,0.15987922023246348,0.0010731913271446875,3.3905398504708776e-08,0.0004488052880962034,0.08348769942755767,1,1,-2.0484933699450143e-06
466,0.1597606448445692,0.0010966080776038463,3.4009557101317746e-08,0.00045257400571380646,0.08192849774933611,1,1,-3.439716968647733e-06
467,0.15963813018702133,0.0011188669840218521,3.42651893579833e-08,0.0004565744496933545,0.08025654092517708,1,1,2.0044150630602324e-06
468,0.15951863752796114,0.0011398537138641732,3.482228392940439e-08,0.00046063334264082284,0.0784862036296189,1,1,3.892526691577744e-06
469,0.1593987601975706,0.0011594438311822227,3.4835168449869225e-08,0.00046526276468848704,0.07663303814457821,1,1,2.794259949703392e-06
470,0.15927564062152655,0.0011771045325367998,3.4582579253774586e-08,0.0004702994464413372,0.07465505633198508,1,1,-7.660895748652435e-06
471,0.15914015046352792,0.001193241901197998,3.5031253947761783e-08,0.0004755895423485651,0.07263896896013321,1,1,1.0312946200171551e-07
472,0.15901066580961976,0.0012078155083260606,3.552670000419038e-08,0.00048073172683625343,0.07059100035917024,1,1,8.410701503081572e-07
473,0.15888034570699228,0.0012208010737476361,3.570388111204675e-08,0.00048586369364209743,0.06852454776028118,1,1,-6.498834542668008e-06
474,0.15874129174039409,0.0012321718874027917,3.545798885251468e-08,0.0004911218121681266,0.06645493443328634,1,1,-1.7640763728398096e-05
475,0.1585898729558437,0.0012419122177111188,3.522538695811244e-08,0.0004964750265768909,0.06439226861661586,1,1,-2.4185954577463054e-06
476,0.15845262668942528,0.0012500060094879915,3.505022667918831e-08,0.0005021210311018318,0.062345577174453895,1,1,-5.159630347587355e-06
477,0.1583117480690741,0.0012564826074425522,3.557170542068938e-08,0.0005079370626543503,0.06032184385200743,1,1,-1.696890127668164e-05
478,0.15815833141763025,0.001261361661249154,3.592525817260123e-08,0.0005137631127252059,0.05832822062741402,1,1,-2.5139853614330836e-05
479,0.15799618424876916,0.0012643310210394452,3.609314075593767e-08,0.000519416860105776,0.05633493984997169,1,1,-1.0699663686278434e-05
480,0.15784815621568127,0.001265656432988562,3.468845967923981e-08,0.0005248086862488386,0.05436700171964582,1,1,-6.631390206395568e-06
481,0.15770407258544572,0.001265504983766142,3.305469921296405e-08,0.0005299299877876272,0.05244356194414303,1,1,-5.7952617991014214e-06
482,0.15756086310257733,0.0012639271425970713,3.225423287699261e-08,0.0005350588698789357,0.05057159246993777,1,1,-5.955569404269835e-06
483,0.1574176676730219,0.001260979908979682,3.291977929707034e-08,0.0005403666519819641,0.0487550013216427,1,1,3.505602203963807e-06
484,0.15728422688808164,0.0012567541267488695,3.365876488139801e-08,0.0005453035753133033,0.04698836440135673,1,1,2.6002214951353117e-06
485,0.15715032615368063,0.0012513052845524002,3.419948082034061e-08,0.0005499005302419106,0.045274172542707665,1,1,-9.414582965658211e-06
486,0.15700499694171088,0.0012446944436587443,3.4456732463702406e-08,0.0005542557814676516,0.0436150070574495,1,1,-1.387136044168769e-05
487,0.15685592323222441,0.0012369858965492204,3.351344505448816e-08,0.000558269733598237,0.04201075306783274,1,1,-5.0291602924507626e-06
488,0.15671652936326463,0.0012282581309189817,3.29662046885554e-08,0.0005621051592519466,0.04046161181842158,1,1,6.628425286995404e-06
489,0.1565897345082592,0.0012183009907348343,3.372422102066987e-08,0.0005658560747826487,0.038946631938722484,1,1,-3.565831978811606e-06
490,0.15645382361214688,0.001207413833450144,3.4074318079274045e-08,0.0005692278498549668,0.03748029517331256,1,1,-1.475444127574434e-05
491,0.1563079169634769,0.0011957274428262966,3.390411753451832e-08,0.0005722890892342434,0.03607090375857449,1,1,-8.044092089853395e-06
492,0.1561699993790726,0.0011833191550348731,3.235709302141801e-08,0.0005750455505378166,0.034716124941527295,1,1,-1.0308474987766401e-05
493,0.15603117451395554,0.0011702706502979324,3.1035822134295456e-08,0.0005774889878203972,0.033413938685906974,1,1,-1.601642878685218e-05
494,0.1558880707221446,0.0011566337985202614,3.024842008402521e-08,0.0005797235867103119,0.032164102666936374,1,1,-6.241739642933499e-06
495,0.1557562251722604,0.0011424409809077398,3.055850383962492e-08,0.0005817060324995258,0.030965603985711177,1,1,-3.860210800191112e-06
496,0.1556282816042598,0.0011277575184945124,3.1224231739012265e-08,0.0005831904898816027,0.02981581092371314,1,1,4.008013435597964e-07
497,0.1555061752050011,0.0011126602917324567,3.1378516464799295e-08,0.0005841754773242552,0.028712346749567078,1,1,-5.240835267386124e-06
498,0.1553800601920754,0.001097218190877048,3.03727756808666e-08,0.0005846331925093904,0.027652278609943792,1,1,-1.3861029337614852e-05
499,0.1552470040117122,0.0010814869450181605,2.9305084872193383e-08,0.0005848166058794524,0.026636496573933483,1,1,-1.1322531567583419e-05
500,0.15511819792816994,0.0010654036554060937,2.9123469614643664e-08,0.0005847032614047447,0.02565509593539263,1,1,1.5765794333780645e-05
501,0.15501824114794016,0.001049006731151443,2.987203605533213e-08,0.0005846140704848135,0.024711099275679292,1,1,9.977825624964246e-06
502,0.1549142769246108,0.0010324636154788929,3.0443589727058005e-08,0.0005843315865228514,0.023809344363177946,1,1,3.4860062136451314e-06
503,0.15480561446362318,0.001015822190262398,3.113296813824225e-08,0.0005836983961046282,0.022945643066663496,1,1,3.5307040954580323e-07
504,0.15469563138902576,0.000999123802358168,3.1574767877879464e-08,0.0005826512474407877,0.022117270447398526,1,1,9.632674745445219e-06
505,0.15459675870498701,0.0009824056653520738,3.152388116576022e-08,0.0005813848151744344,0.021324780878739305,1,1,1.2797959795930985e-05
506,0.15450288675095214,0.0009656996948207053,3.130228128739951e-08,0.0005798928780297103,0.020566801171586744,1,1,1.4545841909336724e-05
507,0.15441259972748522,0.0009490121732478055,3.2522916407419664e-08,0.0005784952181112034,0.01984588582863285,1,1,5.625121191504492e-06
508,0.15431519851376585,0.0009323908842566858,3.3625872966192925e-08,0.0005769434974664807,0.019157894531747634,1,1,6.762161015541368e-07
509,0.154214645714025,0.0009158625935738573,3.474412386914245e-08,0.0005751079134591464,0.01849954146916148,1,1,1.0638286826556798e-05
510,0.1541258447579441,0.0008994414706870013,3.615172320718818e-08,0.0005728953623094253,0.01786868961437635,1,1,1.7808215180208466e-06
511,0.15402996482501408,0.0008831656392061605,3.7006461323706146e-08,0.0005704935582094095,0.0172652297014114,1,1,-6.071791615779821e-06
512,0.15392800157911557,0.0008670578728340212,3.7035094919529006e-08,0.0005679192848217257,0.016687702351939438,1,1,-1.1281260678189134e-05
513,0.15382258647718938,0.0008511298702189632,3.6678432044069336e-08,0.0005652832145883576,0.01613614478485419,1,1,-6.628133608812902e-06
514,0.15372355937503457,0.0008353601900262784,3.7151823208692196e-08,0.0005627173502547133,0.015609317084968285,1,1,-1.4439620906354233e-06
515,0.15363141881553521,0.0008197488186892931,3.7678130025914996e-08,0.0005599918720066361,0.015100668788779935,1,1,-9.284964023776023e-06
516,0.15353313557451953,0.0008043775522826254,3.791833984889621e-08,0.0005571631615819549,0.014614607219780697,1,1,-1.0928676077581005e-05
517,0.15343488276286132,0.000789251181877472,3.794575570637652e-08,0.0005540996892221556,0.014148900898403531,1,1,-1.5974959460896766e-05
518,0.153333234060419,0.0007743799893945656,3.7221843755348546e-08,0.0005510481388705174,0.013704750379685531,1,1,-7.489235287391345e-06
519,0.15324169077073546,0.0007597671485870745,3.460078807941661e-08,0.0005482345126796261,0.013281978390468477,1,1,-2.2905895700372743e-06
520,0.1531569245101374,0.0007454264886878626,3.283797721967674e-08,0.000545439210593081,0.012878899929645225,1,1,1.7791278900547859e-06
521,0.1530777738321274,0.0007313410429114395,3.23071320960219e-08,0.0005427210763225958,0.01249537806992412,1,1,-5.256831526937182e-06
522,0.15299309214904344,0.0007175404718206515,3.182215868883605e-08,0.0005399555881634759,0.012128711316361854,1,1,-1.3638219562360772e-05
523,0.1529015088975636,0.0007040268842487411,3.1788721665585885e-08,0.0005372074757720811,0.011779200020576037,1,1,-1.2285468005871777e-05
524,0.15281272659756073,0.0006907890470389483,3.230357416853463e-08,0.000534219186948116,0.011443102224403602,1,1,-8.420580221854575e-06
525,0.15272922729271343,0.0006778409695500209,3.3075657881539135e-08,0.0005312197019967078,0.011121742885333182,1,1,-3.8471392825199986e-06
526,0.15265168675231156,0.0006651875604635573,3.462159158204348e-08,0.0005282655838312936,0.010814955750644216,1,1,2.7672802371417695e-06
527,0.15258211364653773,0.0006522340853163988,3.38663562330176e-08,0.0005247428631472046,0.01051784734993356,1,1,-2.156913567329951e-07
528,0.1525109430605336,0.0006338330826299696,3.2723201961047886e-08,0.0005211889312992921,0.010233605938482151,1,1,2.055200356999078e-06
529,0.15244380619413045,0.0006198072049313249,3.305652328580497e-08,0.000518012472932854,0.009965865729332625,1,1,-7.78507571087589e-07
530,0.15237537724797945,0.000607551075884752,3.3255774165024806e-08,0.000514965321134742,0.00971061168760562,1,1,2.6069248131861775e-06
531,0.15231174525726687,0.0005961291316633917,3.359376041330935e-08,0.0005120272268466969,0.009467594099298903,1,1,4.269216440137483e-06
532,0.1522510954555676,0.0005852058786569433,3.407412236396623e-08,0.0005091745273296016,0.009236040594507866,1,1,-1.5657342677419348e-07
533,0.15218726978958408,0.0005746673801680798,3.4698486860583205e-08,0.0005063233163759424,0.009014546488220816,1,1,3.5684869480565067e-06
534,0.15212836249723516,0.0005644666421606395,3.422702614698748e-08,0.0005038294742260463,0.00880461602467885,1,1,-3.1295590207047573e-06
535,0.15206389284453525,0.0005545866518584003,3.396965217503038e-08,0.0005014779671173185,0.008604903057645157,1,1,-1.1010600677720263e-05
536,0.15199263521293638,0.0005450200500361642,3.414375382325591e-08,0.0004992434681991219,0.00841486648246068,1,1,-1.2455030529692125e-05
537,0.1519209881856094,0.0005357545257745366,3.491554575650725e-08,0.000497148276810645,0.008234657474132533,1,1,3.231124188236941e-06
538,0.1518660423054894,0.0005267580212511928,3.740645850987864e-08,0.0004948462117735452,0.008060767905579642,1,1,1.100892365025221e-05
539,0.1518198445933323,0.0005180375490009233,3.798054793345999e-08,0.0004927298670479864,0.007895379471453644,1,1,7.371169236989387e-06
540,0.1517709446365394,0.000509597756929635,3.8466404321224703e-08,0.0004906785029486027,0.0077363882613170325,1,1,5.375836483257635e-06
541,0.15172095858835233,0.0005014385696084294,3.85290858950244e-08,0.0004887125153967658,0.007584713444163955,1,1,4.683567814502945e-06
542,0.15167116183375295,0.0004935546347026849,3.7980777693637814e-08,0.0004868302771222009,0.007440160933816665,1,1,-1.6949270117433632e-06
543,0.15161584236727377,0.0004859448140927896,3.7317669716704204e-08,0.0004850542201728858,0.007302634109587881,1,1,5.320056777065698e-07
544,0.15156357589211167,0.00047860053443147914,3.6773534821735725e-08,0.00048341146025563633,0.00717220326067966,1,1,-6.483124680069924e-06
545,0.15150508729889633,0.00047151740390711583,3.7141598850766933e-08,0.0004818937672930419,0.007048407291784751,1,1,-1.3028225619191933e-05
546,0.15144081795821607,0.00046468948325211016,3.845416092199511e-08,0.0004804792824096554,0.006930719013014299,1,1,-1.0509608962638118e-05
547,0.15137980377531357,0.000458109513708069,3.8594927954468716e-08,0.0004792300012883456,0.006818591652374771,1,1,-1.1756886350831015e-06
548,0.15132882664205138,0.00045176183505955917,3.772674822046578e-08,0.0004782980907871917,0.006713030426950044,1,1,-5.7546030767996055e-06
549,0.15127393440595283,0.0004456503388555794,3.7724607527050905e-08,0.000477477115366782,0.00661292319812009,1,1,-3.935924647700978e-06
550,0.1512215001646684,0.0004397573414497184,3.665110774005395e-08,0.00047650321908334497,0.006516269163017065,1,1,7.120384186752933e-06
551,0.1511807538483878,0.0004340719323323538,3.4147612035775315e-08,0.00047514629697679506,0.006421047786051951,1,1,1.157680581988153e-05
552,0.151145096099359,0.000428595806976289,3.2930477423682897e-08,0.00047359534603929774,0.006327670428859018,1,1,4.9912429008549814e-06
553,0.15110346575192413,0.0004233380246646373,3.248293184622419e-08,0.00047214685348292225,0.0062388131558390025,1,1,-6.446507610943065e-07
554,0.15105678905127506,0.00041829124354681943,3.2674940368306496e-08,0.0004707819125627868,0.006154181917995025,1,1,-7.114913402772858e-06
555,0.15100420988592944,0.00041345137070553355,3.3725772286167785e-08,0.0004695216576736158,0.006073865461693113,1,1,-3.7259365123086026e-06
556,0.150955566244934,0.00040879761941096417,3.4034891382417444e-08,0.0004685647305767461,0.005999329079296782,1,1,2.1308618982710174e-06
557,0.15091329328259606,0.00040433699796978774,3.41432714274848e-08,0.0004677405797522423,0.005928788492345292,1,1,-2.129822389683648e-06
558,0.15086725238958687,0.0004000602984266015,3.4545572368358674e-08,0.0004669959582885167,0.0058614726038441495,1,1,-5.836391859821321e-06
559,0.15081798127447277,0.0003959219090816776,3.588015005305499e-08,0.00046638070469360096,0.0057981141549838956,1,1,-5.505683934316207e-06
560,0.15076949789400418,0.00039190787988667306,3.833475615933981e-08,0.00046591776211119494,0.005738793443969873,1,1,8.029324302860371e-06
561,0.1507349838928307,0.00038800420645299663,3.7927251045707926e-08,0.00046590561492974825,0.005684483277907531,1,1,6.00560824079102e-06
562,0.1506988473968096,0.0003842121555697648,3.651834870078478e-08,0.00046590320113801893,0.005632605440609713,1,1,2.2862067914557833e-06
563,0.15065938425760095,0.0003805324187243186,3.502791139460467e-08,0.00046596569728532284,0.0055834591306701846,1,1,-2.8226991285968875e-06
564,0.15061518930084916,0.000376956652157733,3.432529374168897e-08,0.00046608899989114593,0.005536889560217569,1,1,-6.172430968651433e-06
565,0.15056800768818768,0.00037347510087005635,3.4176656302403784e-08,0.0004661133195825218,0.005492014558241311,1,1,-2.5529393804710323e-07
566,0.1505271051557291,0.00037006412854331697,3.332221939662751e-08,0.0004655162710003434,0.00544506171669105,1,1,1.3826225470877347e-06
567,0.15048822881683654,0.0003667376780592207,3.336917386376152e-08,0.00046473505108360477,0.005397645723085935,1,1,-4.555258522575281e-06
568,0.1504437930380229,0.0003634967174300201,3.408321438709342e-08,0.0004640465276446091,0.005352705308737686,1,1,-5.974343934903866e-06
569,0.15039830568595325,0.00036033847557203973,3.54946812683086e-08,0.0004634736892016978,0.005310576885111768,1,1,-8.50748621701922e-06
570,0.15035063801935467,0.0003572580363057942,3.650098970932196e-08,0.00046293107460954454,0.005270215599948651,1,1,1.399363377952692e-06
571,0.15031321803395192,0.00035423596972711843,3.622430589995088e-08,0.00046262733923665945,0.005233542723554422,1,1,2.984470511387898e-06
572,0.15027770405536667,0.0003512739026785832,3.5139982444354023e-08,0.0004624560848494637,0.005199547340288905,1,1,2.3964258424108355e-06
573,0.15024191209610582,0.0003483678320655469,3.413418548754648e-08,0.0004623265665201539,0.005167572063302775,1,1,-3.41196031733936e-06
574,0.15020061577639954,0.00034552488721467347,3.3589106675396436e-08,0.0004622800730859722,0.00513780372881255,1,1,-9.829206387806615e-06
575,0.15015319691670492,0.00034273916901914015,3.385754494141595e-08,0.0004623446603602109,0.005110328342275013,1,1,-1.3831843340334744e-05
576,0.15010205977158098,0.0003400065350399077,3.502246213111839e-08,0.0004624186244567484,0.005084460389488617,1,1,-9.36411716121427e-07
577,0.15006409681356003,0.0003372937958970656,3.3591659392864384e-08,0.00046171079050354744,0.005054590674992444,1,1,-4.231017658410623e-06
578,0.1500231593666439,0.0003346306975462878,3.281156879453057e-08,0.000461033314133837,0.00502621878252759,1,1,-1.068196747695337e-05
579,0.1499760863059394,0.0003320139397288796,3.290578895414269e-08,0.0004604358663722007,0.004999812369324723,1,1,-6.777266992276777e-06
580,0.14993322553485267,0.0003294367800952898,3.257224630371155e-08,0.00045995167114850954,0.004975194265919681,1,1,-4.6241329003452987e-07
581,0.149896976331225,0.0003268961517950101,3.122226862040223e-08,0.00045983664820508513,0.004953515217211156,1,1,-5.171416248846814e-06
582,0.14985629421966173,0.0003243935884964447,3.089356497133306e-08,0.00045979999392167776,0.004933607046709434,1,1,2.85120094497489e-06
583,0.14982390388458344,0.0003219183888470295,3.0675864550597766e-08,0.00045945176941941006,0.004911453529902276,1,1,-1.002176674958966e-06
584,0.1497879276309113,0.00031947748588242693,3.1127433126925035e-08,0.0004591330732992418,0.004890443214874865,1,1,7.1880292611746664e-06
585,0.1497604015533356,0.000317054830693768,3.127274914508438e-08,0.000458954426439892,0.004871673790372646,1,1,1.0765722757598267e-05
586,0.14973670265698025,0.00031464578053500794,3.120505163249885e-08,0.0004590355804530036,0.004855944309451793,1,1,6.9766486818428555e-06
587,0.14970944692551025,0.00031225880345719687,3.20338590995135e-08,0.00045911599344608685,0.004841240042594013,1,1,1.9369353632953436e-05
588,0.14969481466719126,0.00030987052263547603,3.1615132698013823e-08,0.0004584351724789893,0.004822064569927793,1,1,1.2969728372889384e-05
589,0.1496740585765064,0.00030750582502490085,3.1692215143221985e-08,0.0004578177942365392,0.004804079912222172,1,1,7.838817156185886e-06
590,0.1496484427348852,0.00030516210084029915,3.1900138606629795e-08,0.000457240270835983,0.004787278637253737,1,1,1.3634251212156422e-06
591,0.1496166189983963,0.0003028382048912151,3.212875247534825e-08,0.00045672484753599184,0.004771804427769762,1,1,-5.6824315041249974e-06
592,0.14957801204909282,0.0003005361247597969,3.234394321203922e-08,0.0004562820617373104,0.004757688998464409,1,1,-1.1848544474259636e-05
593,0.14953349620421186,0.0002982516421871456,3.254992205195788e-08,0.00045590384380268464,0.00474482640277106,1,1,-1.0013290813994143e-05
594,0.14949106803811785,0.0002959814142268687,3.2060467428268544e-08,0.00045551110554359,0.004732482783455531,1,1,-1.2504049290637978e-05
595,0.14944640199212178,0.000293728719076473,3.1193686373685625e-08,0.00045512743596929804,0.00472071314383729,1,1,-1.5170224907224916e-05
596,0.1493993176464643,0.0002914908272205783,3.0044100132056215e-08,0.0004547450587667487,0.004709408268742862,1,1,-2.2064316467605462e-05
597,0.14934558225608097,0.00028926710964760464,2.9814477966583046e-08,0.00045443479378950015,0.004699310139500009,1,1,-1.8908608214751054e-05
598,0.14929524078976075,0.00028705168325359907,3.087150461506221e-08,0.0004540926575119148,0.004689789117525246,1,1,1.6109537826808226e-05
599,0.14928015668123984,0.00028480481725986167,3.032508620520691e-08,0.00045341613283817503,0.004677924346790829,1,1,2.3261300968192114e-05
